ItemCode,ItemName,ItemGroup,Category,WhsCode,WhsName,OnHand,Committed,OnOrder,Grade,Thickness,Width,Length
NMDC000000000029,NMDC HR COIL 2MMX1250,SAIL H.R.PLATE,1. SAIL HR,07,Salem Warehouse,124.200000,0.000000,0.000000,E250,2.000000,1250.000000,
NMDC000000000085,NMDC HR COIL 4.5MMX1250,SAIL H.R.PLATE,1. SAIL HR,07,Salem Warehouse,62.740000,0.000000,0.000000,E250,4.500000,1250.000000,
NMDC000000000006,NMDC HR COIL 8MMX1500,SAIL H.R.PLATE,1. SAIL HR,07,Salem Warehouse,41.490000,6.700000,0.000000,E250,8.000000,1500.000000,
NMDC000000000081,NMDC HR COIL 4MMX1500 E350,SAIL H.R.PLATE,1. SAIL HR,07,Salem Warehouse,20.840000,0.000000,0.000000,E350,4.000000,1500.000000,
HR000000000087,SSP HR COIL 12MMX1250,SAIL H.R.PLATE,1. SAIL HR,07,Salem Warehouse,1.160000,7.448000,0.000000,E250,12.000000,1250.000000,
HR000000000130,SSP HR COIL 8MMX1250,SAIL H.R.PLATE,1. SAIL HR,07,Salem Warehouse,0.220000,15.895000,31.205000,E250,8.000000,1250.000000,
MS000000000043,SAIL NPB 200x100X6.2MM(25kgs)-E350,SAIL STRUCTURAL,2. SAIL STRUCTURALS,11,Chennai Warehouse,283.548000,18.720000,98.850000,IS2062 E250 BR,6.200000,0.000000,0.000000
MS000000000116,VIZAG MS CHANNEL 75X40MM,RINL STRL,4. RINL STRL,11,Chennai Warehouse,273.680000,20.472000,64.750000,IS2062 E250 A,75.000000,40.000000,12000.000000
TMT000000000077,VIZAG TMT REBARS FE550D 32MM,RINL TMT,3. RINL TMT,11,Chennai Warehouse,269.930000,8.405000,62.960000,FE550D,32.000000,0.000000,12000.000000
MS000000000031,SAIL MS CHANNEL 125X65MM,SAIL STRUCTURAL,2. SAIL STRUCTURALS,11,Chennai Warehouse,242.009000,15.788000,1333.920000,IS2062 E250 BR,,125.000000,12000.000000
HRC000000000033,HR SHEET 02X1250X2500XE250,HR Coil,1. SAIL HR,11,Chennai Warehouse,234.800000,129.980000,33.660100,E250,2.000000,1250.000000,2500.000000
MS000000000119,SAIL NPB 300X150X7.1MM(42.25kg)-E250,SAIL STRUCTURAL,2. SAIL STRUCTURALS,11,Chennai Warehouse,227.320000,53.104000,3570.260000,IS2062 E250 BR,7.100000,0.000000,0.000000
MS000000000117,SAIL NPB 400X180X8.6MM(66.31kg)-E250,SAIL STRUCTURAL,2. SAIL STRUCTURALS,11,Chennai Warehouse,204.860000,207.418000,4079.529000,IS2062 E250 BR,6.800000,0.000000,0.000000
MS000000000071,VIZAG MS CHANNEL 200X75MM,RINL STRL,4. RINL STRL,11,Chennai Warehouse,151.528000,11.224000,10.100000,IS2062 E250 A,200.000000,75.000000,12000.000000
RS000000000002,SAIL RS JOISTS 150X75MM,SAIL STRUCTURAL,2. SAIL STRUCTURALS,11,Chennai Warehouse,130.360000,65.390000,1359.587000,IS2062 E250 BR,,150.000000,12000.000000
MS000000000129,SAIL NPB 450X190X9.4MM(77.58kg)-E250,SAIL STRUCTURAL,2. SAIL STRUCTURALS,11,Chennai Warehouse,112.200000,51.556000,2912.120000,IS2062 E250 BR,9.400000,0.000000,0.000000
MS000000000156,SAIL NPB 600x220X12 MM(122.45kg)-E250,SAIL STRUCTURAL,2. SAIL STRUCTURALS,11,Chennai Warehouse,111.250000,30.435000,573.000000,IS2062 E250 BR,12.000000,0.000000,0.000000
MS000000000138,SAIL NPB 350X170X(50.22kg)-E250,SAIL STRUCTURAL,2. SAIL STRUCTURALS,11,Chennai Warehouse,110.118000,17.768000,484.080000,IS2062 E250 BR,,0.000000,0.000000
MS000000000069,VIZAG MS CHANNEL 125X65MM,RINL STRL,4. RINL STRL,11,Chennai Warehouse,109.760000,20.699000,1.320000,IS2062 E250 A,125.000000,65.000000,12000.000000
TMT000000000075,VIZAG TMT REBARS FE550D 20MM,RINL TMT,3. RINL TMT,11,Chennai Warehouse,104.945000,85.693000,114.990000,FE550D,20.000000,0.000000,12000.000000
RS000000000005,SAIL RS JOISTS 300X140MM,SAIL STRUCTURAL,2. SAIL STRUCTURALS,11,Chennai Warehouse,102.000000,53.874000,4309.953000,IS2062 E250 BR,,300.000000,12000.000000
MS000000000120,SAIL NPB 500X200X10.2MM(90.69kg)-E250,SAIL STRUCTURAL,2. SAIL STRUCTURALS,11,Chennai Warehouse,100.500000,40.247000,1840.400000,IS2062 E250 BR,10.200000,0.000000,0.000000
MS000000000059,VIZAG MS ANGLE 50X50X6MM,RINL STRL,4. RINL STRL,11,Chennai Warehouse,99.978000,24.456000,105.800000,IS2062 E250 A,6.000000,50.000000,12000.000000
MS000000000068,VIZAG MS CHANNEL 100X50MM,RINL STRL,4. RINL STRL,11,Chennai Warehouse,90.228000,31.141000,55.740000,IS2062 E250 A,100.000000,50.000000,12000.000000
MS000000000021,SAIL MS ANGLE 65X65X6MM,SAIL STRUCTURAL,2. SAIL STRUCTURALS,11,Chennai Warehouse,89.382000,35.449000,2270.775000,IS2062 E250 BR,6.000000,50.000000,12000.000000
TMT000000000071,VIZAG TMT REBARS FE550D 16MM,RINL TMT,3. RINL TMT,11,Chennai Warehouse,87.511000,167.368000,39.470000,FE550D,16.000000,0.000000,12000.000000
HRC000000000039,HR SHEET 3.8X1250X2500XE250,HR Coil,1. SAIL HR,11,Chennai Warehouse,87.147000,47.296000,0.001000,E250,3.800000,1250.000000,2500.000000
OTH000000000149,TMT-REBARS,OTHERS,8. OTHERS,11,Chennai Warehouse,86.490000,27.284000,203.280000,IS2062,0.000000,0.000000,0.000000
OTH000000000152,TMT-REBARS 20MM,OTHERS,8. OTHERS,11,Chennai Warehouse,82.930000,18.500000,66.010000,IS2062,0.000000,0.000000,0.000000
HRC000000000042,HR SHEET 4.8X1250X2500XE250,HR Coil,1. SAIL HR,11,Chennai Warehouse,78.995000,28.890000,0.000100,E250,4.800000,1250.000000,2500.000000
OTH000000000151,TMT-REBARS 16MM,OTHERS,8. OTHERS,11,Chennai Warehouse,66.750000,43.789000,24.040000,IS2062,0.000000,0.000000,0.000000
TMT000000000097,VIZAG TMT REBARS 12MM  FE550D STRAIGHT,RINL TMT,3. RINL TMT,11,Chennai Warehouse,66.140000,49.240000,63.060000,FE550D,12.000000,0.000000,12000.000000
MS000000000035,SAIL MS CHANNEL 200X75MM,SAIL STRUCTURAL,2. SAIL STRUCTURALS,11,Chennai Warehouse,64.490000,91.685000,2968.289000,IS2062 E250 BR,,200.000000,12000.000000
MS000000000038,SAIL MS CHANNEL 400X100MM,SAIL STRUCTURAL,2. SAIL STRUCTURALS,11,Chennai Warehouse,63.940000,10.211000,1531.070000,IS2062 E250BR,,400.000000,12000.000000
HRC000000000073,HR PLATE 08X2000X6300XE250,HR Coil,1. SAIL HR,11,Chennai Warehouse,63.624000,55.102000,63.040000,E250,8.000000,2000.000000,6300.000000
MS000000000024,SAIL MS ANGLES 75X75X6MM,SAIL STRUCTURAL,2. SAIL STRUCTURALS,11,Chennai Warehouse,56.620000,57.217000,1543.765000,IS2062 E250 BR,6.000000,75.000000,12000.000000
RS000000000004,SAIL RS JOISTS 250X125MM,SAIL STRUCTURAL,2. SAIL STRUCTURALS,11,Chennai Warehouse,55.530000,153.474000,5570.564000,IS2062 E250 BR,,250.000000,12000.000000
HRC000000000053,HR PLATE 06X1500X6300XE250,HR Coil,1. SAIL HR,11,Chennai Warehouse,52.652000,44.686000,20.155000,E250,6.000000,1500.000000,6300.000000
MS000000000070,VIZAG MS CHANNEL 150X75MM,RINL STRL,4. RINL STRL,11,Chennai Warehouse,52.080000,49.630000,63.480000,IS2062 E250 A,150.000000,75.000000,12000.000000
TMT000000000064,SAIL TMT BAR SAILSEQR IS1786 550D 12MM,SAIL TMT - SEQR,7. SAIL TMT,11,Chennai Warehouse,47.715000,0.070000,4789.546000,FE550D,12.000000,0.000000,12000.000000
OTH000000000218,MS  SCRAP,OTHERS,8. OTHERS,11,Chennai Warehouse,46.409000,29.833900,0.000000,IS2062,1.000000,1.000000,0.000000
MS000000000002,SAIL MS ANGLES 100X100X12MM,SAIL STRUCTURAL,2. SAIL STRUCTURALS,11,Chennai Warehouse,46.130000,15.721000,396.500000,IS2062 E250 A,12.000000,100.000000,12000.000000
OTH000000000153,TMT-REBARS 25MM,OTHERS,8. OTHERS,11,Chennai Warehouse,44.340000,20.830000,83.260000,IS2062,0.000000,0.000000,0.000000
MS000000000063,VIZAG MS ANGLE 75X75X6MM,RINL STRL,4. RINL STRL,11,Chennai Warehouse,43.001000,7.793000,0.000000,IS2062 E250 A,6.000000,75.000000,12000.000000
HRC000000000072,HR PLATE 08X1500X6300XE250,HR Coil,1. SAIL HR,11,Chennai Warehouse,41.841000,62.910000,0.910000,E250,8.000000,1500.000000,6300.000000
MS000000000137,SAIL NPB 350X170X(57.10kg)-E250,SAIL STRUCTURAL,2. SAIL STRUCTURALS,11,Chennai Warehouse,41.400000,2.100000,549.741000,IS2062 E250 BR,,0.000000,0.000000
HRC000000000079,HR PLATE 10X1500X6300XE250,HR Coil,1. SAIL HR,11,Chennai Warehouse,40.417000,118.142700,41.420000,E250,10.000000,1500.000000,6300.000000
MS000000000022,SAIL MS ANGLE 65X65X8MM,SAIL STRUCTURAL,2. SAIL STRUCTURALS,11,Chennai Warehouse,39.952000,5.181000,113.790000,IS2062 E250 BR,8.000000,65.000000,12000.000000
MS000000000150,SAIL WPB 300X300X11MM(117.03kg)-E350,SAIL STRUCTURAL,2. SAIL STRUCTURALS,11,Chennai Warehouse,39.490000,0.000000,29.151000,IS2062 E350 BR,11.000000,0.000000,0.000000
MS000000000023,SAIL MS ANGLES 75X75X10MM,SAIL STRUCTURAL,2. SAIL STRUCTURALS,11,Chennai Warehouse,39.240000,0.590000,427.710000,IS2062 E250 BR,10.000000,75.000000,12000.000000
HRC000000000044,HR PLATE 05X1500X6300XE250,HR Coil,1. SAIL HR,11,Chennai Warehouse,39.102000,2.305000,0.000000,E250,5.000000,1500.000000,6300.000000
MS000000000151,UC 203X203x46MM/E350,SAIL STRUCTURAL,2. SAIL STRUCTURALS,11,Chennai Warehouse,38.880000,0.000000,2.380000,IS2062 E350,0.000000,0.000000,0.000000
HRC000000000089,HR PLATE 12X1250X6300XE250,HR Coil,1. SAIL HR,11,Chennai Warehouse,38.420000,33.714000,0.000000,E250,12.000000,1250.000000,6300.000000
MS000000000036,SAIL MS CHANNEL 250X82MM,SAIL STRUCTURAL,2. SAIL STRUCTURALS,11,Chennai Warehouse,38.170000,92.452000,5450.698000,IS2062 E250 BR,,250.000000,12000.000000
MS000000000015,SAIL MS ANGLE 150X150X16MM,SAIL STRUCTURAL,2. SAIL STRUCTURALS,11,Chennai Warehouse,33.660000,33.387000,182.220000,IS2062 E250 A,16.000000,150.000000,12000.000000
TMT000000000055,VIZAG TMT REBARS FE500D 32MM HSCRMD,RINL TMT,3. RINL TMT,11,Chennai Warehouse,33.010000,0.000000,0.000000,FE500D HSCRM,32.000000,0.000000,12000.000000
TMT000000000048,VIZAG TMT REBARS FE500D 20MM,RINL TMT,3. RINL TMT,11,Chennai Warehouse,32.830000,60.795000,90.460000,FE500D,20.000000,0.000000,12000.000000
HRC000000000090,HR PLATE 12X1500X6300XE250,HR Coil,1. SAIL HR,11,Chennai Warehouse,32.633000,7.512000,0.384200,E250,12.000000,1500.000000,6300.000000
HRC000000000409,HR SHEET 04X1500X6300XE250,HR Coil,1. SAIL HR,11,Chennai Warehouse,30.920000,0.000000,0.000000,E250,4.000000,1500.000000,6300.000000
MS000000000037,SAIL MS CHANNEL 300X90 MM,SAIL STRUCTURAL,2. SAIL STRUCTURALS,11,Chennai Warehouse,30.306000,17.457000,3586.400000,IS2062 E250 BR,,300.000000,12000.000000
HRC000000000298,HR PLATE 10X2000X12000XE250,HR Coil,1. SAIL HR,11,Chennai Warehouse,30.120000,2.152500,0.000000,E250,10.000000,2000.000000,12000.000000
HRC000000000077,HR PLATE 08X1500X6300XE350,HR Coil,1. SAIL HR,11,Chennai Warehouse,29.844000,51.701000,0.000000,E350,8.000000,1500.000000,6300.000000
HRC000000000028,HR PLATE 08X1250X6300XE250,HR Coil,1. SAIL HR,11,Chennai Warehouse,29.603000,12.526000,0.000000,E250,8.000000,1250.000000,6300.000000
MS000000000032,SAIL MS CHANNEL 150X75MM,SAIL STRUCTURAL,2. SAIL STRUCTURALS,11,Chennai Warehouse,28.491000,66.747000,3705.551000,IS2062 E250 BR,,150.000000,12000.000000
HRC000000000016,HR SHEET 03X1250X2500XE250,HR Coil,1. SAIL HR,11,Chennai Warehouse,28.168000,576.523400,2628.105200,E250,3.000000,1250.000000,2500.000000
TMT000000000046,VIZAG TMT REBARS FE500D 16MM,RINL TMT,3. RINL TMT,11,Chennai Warehouse,27.535000,22.652000,132.560000,FE500D,16.000000,0.000000,12000.000000
TMT000000000049,VIZAG TMT REBARS FE500D 20MM HSCRMD,RINL TMT,3. RINL TMT,11,Chennai Warehouse,26.830000,10.490000,0.000000,FE500D HSCRM,20.000000,0.000000,12000.000000
HRC000000000049,HR PLATE 05X1500X6300XE350,HR Coil,1. SAIL HR,11,Chennai Warehouse,26.145000,5.925000,92.555000,E350,5.000000,1500.000000,6300.000000
MS000000000147,VIZAG MS BEAM 250X125MM,RINL STRL,4. RINL STRL,11,Chennai Warehouse,25.870000,0.000000,0.000000,IS2062 E250 A,250.000000,125.000000,0.000000
HRC000000000297,HR PLATE 08X2000X12000XE250,HR Coil,1. SAIL HR,11,Chennai Warehouse,25.700000,0.000000,0.001000,E250,8.000000,2000.000000,12000.000000
MS000000000042,SAIL NPB 200X100X6.2MM(25kg)-E250,SAIL STRUCTURAL,2. SAIL STRUCTURALS,11,Chennai Warehouse,24.995000,81.321000,6587.137000,IS2062 E250 BR,6.200000,0.000000,0.000000
TMT000000000076,VIZAG TMT REBARS FE550D 25MM,RINL TMT,3. RINL TMT,11,Chennai Warehouse,23.915000,75.768000,275.780000,FE550D,25.000000,0.000000,12000.000000
HRC000000000054,HR PLATE 06X2000X6300XE250,HR Coil,1. SAIL HR,11,Chennai Warehouse,23.365000,2.178400,0.000000,E250,6.000000,2000.000000,6300.000000
MS000000000030,SAIL MS CHANNEL 100X50MM,SAIL STRUCTURAL,2. SAIL STRUCTURALS,11,Chennai Warehouse,22.138000,38.422000,5733.755000,IS2062 E250 BR,,100.000000,12000.000000
OTH000000000148,TMT REBAR 10MM,OTHERS,8. OTHERS,11,Chennai Warehouse,21.130000,21.548000,163.160000,IS2062,0.000000,0.000000,0.000000
MS000000000028,SAIL MS ANGLES 90X90X6MM,SAIL STRUCTURAL,2. SAIL STRUCTURALS,11,Chennai Warehouse,21.060000,1.098000,298.560000,IS2062 E250 BR,6.000000,80.000000,12000.000000
NMDC000000000023,NMDC HR COIL 16MMX1500/E350,SAIL H.R.PLATE,1. SAIL HR,11,Chennai Warehouse,20.620000,103.490000,230.500000,E350,16.000000,1500.000000,
TMT000000000032,SAIL TMT BAR IS1786 HCR FE500D 20MM,SAIL TMT - SEQR,7. SAIL TMT,11,Chennai Warehouse,20.020000,0.000000,78.995000,FE500D HSCRM,20.000000,0.000000,12000.000000
CUS000000001089,3/8X3/8 BSP ADAPTOR,Consumables,9. CONSUMABLES,11,Chennai Warehouse,20.000000,0.000000,0.000000,,0.000000,0.000000,0.000000
MS000000000058,VIZAG MS ANGLE 100X100X8MM,RINL STRL,4. RINL STRL,11,Chennai Warehouse,19.575000,1.186000,0.128000,IS2062 E250 A,8.000000,100.000000,12000.000000
TMT000000000069,SAIL TMT BAR SAILSEQR IS1786 550D 25MM,SAIL TMT - SEQR,7. SAIL TMT,11,Chennai Warehouse,18.983000,0.000000,1138.675000,FE550D,20.000000,0.000000,12000.000000
HRC000000000005,CHEQUERED PLATE 05X1250X2500XE250,HR Coil,1. SAIL HR,11,Chennai Warehouse,18.806000,3.430000,0.000000,IS3502/IS10748GRII,5.000000,1250.000000,2500.000000
MS000000000044,SAIL NPB 250X125X6MM(30.11kg)-E250,SAIL STRUCTURAL,2. SAIL STRUCTURALS,11,Chennai Warehouse,18.404000,41.131000,1203.451000,IS2062 E250 BR,6.000000,0.000000,0.000000
MS000000000006,SAIL MS ANGLES 110X110X12MM,SAIL STRUCTURAL,2. SAIL STRUCTURALS,11,Chennai Warehouse,18.300000,0.007000,0.070000,IS2062 E250 BR,12.000000,100.000000,12000.000000
MS000000000064,VIZAG MS ANGLE 75X75X8MM,RINL STRL,4. RINL STRL,11,Chennai Warehouse,17.050000,14.083000,2.350000,IS2062 E250 A,8.000000,75.000000,12000.000000
MS000000000029,SAIL MS ANGLE 90X90X8MM,SAIL STRUCTURAL,2. SAIL STRUCTURALS,11,Chennai Warehouse,16.050000,1.344000,357.570000,IS2062 E250 BR,8.000000,90.000000,12000.000000
HRC000000000124,HR PLATE 16X2000X12600XE350,HR Coil,1. SAIL HR,11,Chennai Warehouse,15.926000,0.000000,0.000000,E350,16.000000,2000.000000,12600.000000
HRC000000000009,CHEQUERED PLATE 06X1250X6300XE250,HR Coil,1. SAIL HR,11,Chennai Warehouse,15.250000,2.676000,0.000000,IS3502/IS10748GRII,6.000000,1250.000000,6300.000000
HRC000000000181,HR PLATE 20X2000X12000XE250,HR Coil,1. SAIL HR,11,Chennai Warehouse,15.149000,0.000000,0.000000,IS2062 E250BR,20.000000,2000.000000,12000.000000
MS000000000005,SAIL MS ANGLE 110X110X10MM,SAIL STRUCTURAL,2. SAIL STRUCTURALS,11,Chennai Warehouse,14.555000,5.339000,1.335000,IS2062 E250 BR,10.000000,110.000000,12000.000000
MS000000000010,SAIL MS ANGLE 130X130X12MM,SAIL STRUCTURAL,2. SAIL STRUCTURALS,11,Chennai Warehouse,14.488000,1.212000,103.000000,IS2062 E250 BR,12.000000,130.000000,12000.000000
HRC000000000031,HR PLATE 10X1250X6300XE250,HR Coil,1. SAIL HR,11,Chennai Warehouse,14.448000,35.424000,0.365000,E250,10.000000,1250.000000,6300.000000
TMT000000000040,VIZAG TMT REBAR COIL FE500D 8MM,RINL TMT,3. RINL TMT,11,Chennai Warehouse,14.396000,68.960000,472.530000,FE500D,8.000000,0.000000,
OTH000000000212,JSPL MS CHANNEL 250X82MM,OTHERS,8. OTHERS,11,Chennai Warehouse,13.930000,8.338000,45.991000,IS2062,250.000000,82.000000,12.000000
HRC000000000026,HR PLATE 08X1250X2500XE250,HR Coil,1. SAIL HR,11,Chennai Warehouse,12.880000,24.233000,0.000000,E250,8.000000,1250.000000,2500.000000
HRC000000000114,HR PLATE 16X1500X6300XE250,HR Coil,1. SAIL HR,11,Chennai Warehouse,12.565000,84.580000,0.000000,E250,16.000000,1500.000000,6300.000000
HRC000000000166,HR PLATE 20X1500X12600XE350,HR Coil,1. SAIL HR,11,Chennai Warehouse,11.952000,0.037000,0.000000,E350,20.000000,1500.000000,12600.000000
HRC000000000011,CHEQUERED PLATE 08X1250X2500XE250,HR Coil,1. SAIL HR,11,Chennai Warehouse,11.438000,0.000000,0.000000,IS3502/IS10748GRII,8.000000,1250.000000,2500.000000
HRC000000000051,HR PLATE 5.8X1250X2500XE250,HR Coil,1. SAIL HR,11,Chennai Warehouse,11.298000,5.490000,0.000000,E250,5.800000,1250.000000,2500.000000
HRC000000000022,HR PLATE 05X1250X6300XE250,HR Coil,1. SAIL HR,11,Chennai Warehouse,10.867000,11.169000,1.080000,E250,5.000000,1250.000000,6300.000000
HRC000000000195,HR SHEET 02X1250XCTLXE250,HR Coil,1. SAIL HR,11,Chennai Warehouse,10.310000,113.774000,0.000000,E250,2.000000,1250.000000,0.000000
HRC000000000012,CHEQUERED PLATE 08X1250X6300XE250,HR Coil,1. SAIL HR,11,Chennai Warehouse,9.892000,3.168000,0.000000,IS3502/IS10748GRII,8.000000,1250.000000,6300.000000
HRC000000000187,HR SHEET 03X1250XCTLXE250,HR Coil,1. SAIL HR,11,Chennai Warehouse,9.881000,25.854000,0.000000,E250,3.000000,1250.000000,0.000000
HRC000000000080,HR PLATE 10X2000X6300XE250,HR Coil,1. SAIL HR,11,Chennai Warehouse,9.812000,104.328000,2.967000,E250,10.000000,2000.000000,6300.000000
HRC000000000029,HR PLATE 10X1250X2500XE250,HR Coil,1. SAIL HR,11,Chennai Warehouse,9.218000,99.491000,150.135000,E250,10.000000,1250.000000,2500.000000
MS000000000060,VIZAG MS ANGLE 65X65X6MM,RINL STRL,4. RINL STRL,11,Chennai Warehouse,8.955000,24.854000,59.290000,IS2062 E250 A,6.000000,65.000000,12000.000000
TMT000000000092,SAIL TMT BAR SAILSEQR IS1786 550D 32MM,SAIL TMT - SEQR,7. SAIL TMT,11,Chennai Warehouse,8.875000,0.490000,0.000000,FE550D,32.000000,0.000000,12000.000000
HRC000000000084,HR PLATE 10X1500X6300XE350,HR Coil,1. SAIL HR,11,Chennai Warehouse,8.465000,8.931000,55.345000,E350,10.000000,1500.000000,6300.000000
HRC000000000091,HR PLATE 12X2000X6300XE250,HR Coil,1. SAIL HR,11,Chennai Warehouse,8.414000,0.360000,66.330000,IS2062 E250 BR,12.000000,2000.000000,6300.000000
HRC000000000128,HR PLATE 20X1500X6300XE250,HR Coil,1. SAIL HR,11,Chennai Warehouse,8.315000,18.002000,0.000000,E250,20.000000,1500.000000,6300.000000
HRC000000000402,HR PLATE 14X2000X12500XE350,HR Coil,1. SAIL HR,11,Chennai Warehouse,8.285000,0.000000,0.000000,IS2062 E350 BR,14.000000,2000.000000,12500.000000
MS000000000148,VIZAG MS ANGLE 130X130X12MM,RINL STRL,4. RINL STRL,11,Chennai Warehouse,8.230000,0.000000,0.000000,IS2062 E250 A,12.000000,130.000000,12000.000000
HRC000000000035,HR SHEET 2.5X1250X2500XE250,HR Coil,1. SAIL HR,11,Chennai Warehouse,7.898000,7.850000,3.925000,E250,2.500000,1250.000000,2500.000000
PM000000000213,SAIL PM PLATE 28X2500X12500MM,SAIL P.M.PLATE,8. OTHERS,11,Chennai Warehouse,7.897000,0.000000,0.000000,IS2062 E250 BR,28.000000,2500.000000,12500.000000
OTH000000000058,MS FLATS,OTHERS,8. OTHERS,11,Chennai Warehouse,7.712000,21.999000,40.418000,IS2062,0.000000,0.000000,0.000000
HRC000000000401,HR PLATE 25X1500X12500XE350,HR Coil,1. SAIL HR,11,Chennai Warehouse,7.475000,0.059000,0.000000,E350,25.000000,1500.000000,12500.000000
HRC000000000094,HR PLATE 12X1250X6300XE350,HR Coil,1. SAIL HR,11,Chennai Warehouse,7.461000,0.781000,0.000000,E350,12.000000,1250.000000,6300.000000
MS000000000157,SAIL NPB 600x220X15 MM(154.47Kg)-E250,SAIL STRUCTURAL,2. SAIL STRUCTURALS,11,Chennai Warehouse,7.460000,0.000000,0.000000,IS2062 E250 BR,15.000000,0.000000,0.000000
TMT000000000096,VIZAG TMT REBARS 8MM  FE550D STRAIGHT,RINL TMT,3. RINL TMT,11,Chennai Warehouse,7.270000,36.017000,39.840000,FE550D,8.000000,0.000000,8.000000
HRC000000000097,HR PLATE 12X2000X6300XE350,HR Coil,1. SAIL HR,11,Chennai Warehouse,7.158000,0.000000,0.010000,E350,12.000000,2000.000000,6300.000000
HRC000000000186,HR PLATE 25X1500X6300XE250,HR Coil,1. SAIL HR,11,Chennai Warehouse,7.132000,6.653000,0.000000,E250,25.000000,1500.000000,6300.000000
HRC000000000157,HR PLATE 16X1500X12500XE350,HR Coil,1. SAIL HR,11,Chennai Warehouse,7.110000,4.700000,0.000000,E350,16.000000,1500.000000,12500.000000
HRC000000000265,HR PLATE 16X1500XCTLXE350,HR Coil,1. SAIL HR,11,Chennai Warehouse,7.073000,9.140000,0.000000,E350,16.000000,1500.000000,0.000000
HRC000000000006,CHEQUERED PLATE 05X1250X6300XE250,HR Coil,1. SAIL HR,11,Chennai Warehouse,7.067000,1.035000,0.000000,IS3502/IS10748GRII,5.000000,1250.000000,6300.000000
MS000000000158,SAIL MS ANGLE 200X200X16MM,SAIL STRUCTURAL,2. SAIL STRUCTURALS,11,Chennai Warehouse,7.010000,0.000000,0.000000,IS2062 E250 BR,16.000000,200.000000,12000.000000
HRC000000000339,HR PLATE 12X2000X12000XE250,HR Coil,1. SAIL HR,11,Chennai Warehouse,6.689000,0.000000,0.000000,IS2062 E250 BR,12.000000,2000.000000,12000.000000
HRC000000000052,HR PLATE 5.8X1500X2500XE250,HR Coil,1. SAIL HR,11,Chennai Warehouse,6.659000,5.000000,0.000000,E250,5.800000,1500.000000,2500.000000
HRC000000000111,HR PLATE 16X1250X2500XE250,HR Coil,1. SAIL HR,11,Chennai Warehouse,6.424000,23.847000,0.000000,E250,16.000000,1250.000000,2500.000000
OTH000000000185,MS DEFFECTIVE,OTHERS,8. OTHERS,11,Chennai Warehouse,6.299000,90.719500,0.000000,IS2062,1.000000,1.000000,0.000000
HRC000000000380,CHEQUERED PLATE 05X1500X6300XE250,HR Coil,1. SAIL HR,11,Chennai Warehouse,6.220000,0.000000,0.000000,IS3502/IS10748GRII,5.000000,1500.000000,6300.000000
PM000000000469,SAIL PM PLATE 63X2500X12500MM/E350BR,SAIL P.M.PLATE,8. OTHERS,11,Chennai Warehouse,6.184000,0.000000,0.000000,IS2062 E350 BR,63.000000,2500.000000,12500.000000
HRC000000000001,CHEQUERED SHEET 03X1250X2500XE250,HR Coil,1. SAIL HR,11,Chennai Warehouse,5.891000,0.345000,0.000000,IS3502/IS10748GRII,3.000000,1250.000000,2500.000000
HRC000000000127,HR PLATE 20X1250X6300XE250,HR Coil,1. SAIL HR,11,Chennai Warehouse,5.817000,0.168000,0.000000,E250,20.000000,1250.000000,6300.000000
HR000000000758,HR PLATE 16MMX2000/E350BR,SAIL HR SHEET,1. SAIL HR,11,Chennai Warehouse,5.730000,4.568000,0.000000,IS2062 E350 BR,16.000000,2000.000000,0.000000
MS000000000026,SAIL MS ANGLES 90X90X10MM,SAIL STRUCTURAL,2. SAIL STRUCTURALS,11,Chennai Warehouse,5.690000,13.087000,166.130000,IS2062 E250 BR,10.000000,90.000000,12000.000000
HRC000000000330,HR PLATE 5.8X1500X2500XHSFQ450,HR Coil,1. SAIL HR,11,Chennai Warehouse,5.643000,9.420000,0.000000,HSFQ450,5.800000,1500.000000,2500.000000
HRC000000000023,HR PLATE 06X1250X2500XE250,HR Coil,1. SAIL HR,11,Chennai Warehouse,5.479000,3.026100,0.000000,E250,6.000000,1250.000000,2500.000000
HR000000000110,SSP HR COIL 3MMX1250,SAIL H.R.PLATE,1. SAIL HR,11,Chennai Warehouse,5.220000,0.220000,30.975000,IS2062 E250 BR,3.000000,1250.000000,
HRC000000000025,HR PLATE 06X1250X6300XE250,HR Coil,1. SAIL HR,11,Chennai Warehouse,5.098000,159.264000,0.000000,E250,6.000000,1250.000000,6300.000000
CUS000000000863,19 KG CYLINDER LPG,Consumables,9. CONSUMABLES,11,Chennai Warehouse,5.000000,2.000000,8.000000,,0.000000,0.000000,0.000000
OTH000000000156,TMT-REBARS 8MM,OTHERS,8. OTHERS,11,Chennai Warehouse,4.910000,5.050000,50.110000,IS2062,0.000000,0.000000,0.000000
HRC000000000123,HR PLATE 16X2000X6300XE350,HR Coil,1. SAIL HR,11,Chennai Warehouse,4.833000,1.582000,0.000000,E350,16.000000,2000.000000,6300.000000
MS000000000049,SAIL NPB 500X200X10.2MM(90.69kg)-E350,SAIL STRUCTURAL,2. SAIL STRUCTURALS,11,Chennai Warehouse,4.810000,0.000000,543.850000,IS2062 E350 BR,10.200000,0.000000,0.000000
HRC000000000020,HR PLATE 05X1250X2500XE250,HR Coil,1. SAIL HR,11,Chennai Warehouse,4.768000,7.527000,0.000000,E250,5.000000,1250.000000,2500.000000
MS000000000066,VIZAG MS ANGLE 90X90X6MM,RINL STRL,4. RINL STRL,11,Chennai Warehouse,4.660000,10.374000,0.000000,IS2062 E250 A,6.000000,90.000000,12000.000000
HRC000000000239,HR PLATE 08X2000XCTLXE250,HR Coil,1. SAIL HR,11,Chennai Warehouse,4.545000,6.388600,0.000000,IS2062 E250A,8.000000,2000.000000,0.000000
TMT000000000086,SAIL TMT BARS IS1786 FE 500D EQR 28MM,SAIL TMT,7. SAIL TMT,11,Chennai Warehouse,4.480000,0.000000,0.000000,FE500D EQR,28.000000,0.000000,12000.000000
HRC000000000003,CHEQUERED SHEET 04X1250X2500XE250,HR Coil,1. SAIL HR,11,Chennai Warehouse,4.461000,3.505000,0.000000,IS3502/IS10748GRII,4.000000,1250.000000,2500.000000
HRC000000000058,HR PLATE 06X1500X6300XE350,HR Coil,1. SAIL HR,11,Chennai Warehouse,4.447000,18.330000,0.000000,E350,6.000000,1500.000000,6300.000000
HRC000000000113,HR PLATE 16X1250X6300XE250,HR Coil,1. SAIL HR,11,Chennai Warehouse,4.432000,8.326000,0.000000,E250,16.000000,1250.000000,6300.000000
HRC000000000365,HR SLIT COIL 3.8MMX150,SAIL HR COIL,1. SAIL HR,11,Chennai Warehouse,4.420000,0.000000,0.000000,E250,3.800000,150.000000,
HRC000000000140,HR Plate  25X1250X2500XE250,HR Coil,1. SAIL HR,11,Chennai Warehouse,4.370000,0.065000,0.000000,IS2062 E250 BR,25.000000,1250.000000,2500.000000
HRC000000000083,HR PLATE 10X1250X6300XE350,HR Coil,1. SAIL HR,11,Chennai Warehouse,4.352000,0.060000,0.000000,E350,10.000000,1250.000000,6300.000000
HRC000000000338,HR SHEET 4.8X1250X6300XE250,HR Coil,1. SAIL HR,11,Chennai Warehouse,4.258000,0.000000,0.000000,E250,4.800000,1250.000000,6300.000000
HRC000000000103,HR PLATE 14X2000X6300XE250,HR Coil,1. SAIL HR,11,Chennai Warehouse,4.175000,0.000000,0.000000,IS2062 E250 BR,14.000000,2000.000000,6300.000000
HRC000000000125,HR PLATE 20X1250X2500XE250,HR Coil,1. SAIL HR,11,Chennai Warehouse,4.152000,2.242000,0.000000,E250,20.000000,1250.000000,2500.000000
HRC000000000071,HR PLATE 7.8X1500X2500XE250,HR Coil,1. SAIL HR,11,Chennai Warehouse,3.847000,0.000000,0.000000,E250,7.800000,1500.000000,2500.000000
HRC000000000121,HR PLATE 16X1500X6300XE350,HR Coil,1. SAIL HR,11,Chennai Warehouse,3.529000,11.976000,0.000000,E350,16.000000,1500.000000,6300.000000
MS000000000046,SAIL NPB 300X150X6.1MM(36.5kg) - E250,SAIL STRUCTURAL,2. SAIL STRUCTURALS,11,Chennai Warehouse,3.450000,0.220000,82.000000,IS2062 E250 A,6.100000,0.000000,0.000000
HRC000000000095,HR PLATE 12X1500X6300XE350,HR Coil,1. SAIL HR,11,Chennai Warehouse,3.426000,15.980000,1.100000,E350,12.000000,1500.000000,6300.000000
HRC000000000293,HR SHEET 03X1500X3700XE250,HR Coil,1. SAIL HR,11,Chennai Warehouse,3.422000,0.000000,0.000000,E250,3.000000,1500.000000,3700.000000
HRC000000000295,HR SHEET 04X1500X3050XE250,HR Coil,1. SAIL HR,11,Chennai Warehouse,3.325000,0.000000,0.000000,E250,4.000000,1500.000000,3050.000000
MS000000000007,SAIL MS ANGLES 110X110X8MM,SAIL STRUCTURAL,2. SAIL STRUCTURALS,11,Chennai Warehouse,3.120000,0.093000,0.000000,IS2062 E250 A,8.000000,110.000000,12000.000000
HRC000000000374,HR PLATE 16X2000X12250XE350,HR Coil,1. SAIL HR,11,Chennai Warehouse,3.076000,0.000000,0.000000,E350,16.000000,2000.000000,12250.000000
HRC000000000102,HR PLATE 14X1500X6300XE250,HR Coil,1. SAIL HR,11,Chennai Warehouse,3.063000,0.000000,0.000000,E250,14.000000,1500.000000,6300.000000
HRC000000000076,HR PLATE 08X1250X6300XE350,HR Coil,1. SAIL HR,11,Chennai Warehouse,2.981000,15.009000,0.000000,E350,8.000000,1250.000000,6300.000000
HRC000000000290,HR PLATE 16X2000X12500XE350,HR Coil,1. SAIL HR,11,Chennai Warehouse,2.976000,0.000000,0.000000,E350,16.000000,2000.000000,12500.000000
OTH000000000100,MS FLATS 65X8MM,OTHERS,8. OTHERS,11,Chennai Warehouse,2.955000,2.950000,3.142000,IS2062,0.000000,0.000000,0.000000
HRC000000000085,HR PLATE 10X2000X6300XE350,HR Coil,1. SAIL HR,11,Chennai Warehouse,2.941000,0.000000,0.000000,IS2062 E350 BR,10.000000,2000.000000,6300.000000
HRC000000000246,HR PLATE 10X1500XCTLXE350,HR Coil,1. SAIL HR,11,Chennai Warehouse,2.814000,0.060000,0.000000,E350,10.000000,1500.000000,0.000000
HRC000000000048,HR PLATE 05X1250X6300XE350,HR Coil,1. SAIL HR,11,Chennai Warehouse,2.797000,0.680000,0.000000,E350,5.000000,1250.000000,6300.000000
HRC000000000165,HR PLATE 20X1500X12000XE350,HR Coil,1. SAIL HR,11,Chennai Warehouse,2.754000,0.000000,0.000000,E350,20.000000,1500.000000,12000.000000
HRC000000000300,HR PLATE 14X2000X12000XE350,HR Coil,1. SAIL HR,11,Chennai Warehouse,2.651000,0.000000,0.000000,IS2062 E350 BR,14.000000,2000.000000,12000.000000
HRC000000000222,HR PLATE 06X2000XCTLXE250,HR Coil,1. SAIL HR,11,Chennai Warehouse,2.571000,0.000000,0.000000,E250,6.000000,2000.000000,0.000000
NMDC000000000030,NMDC HR SHEET 3.15MMX1250X2500,SAIL H.R.PLATE,1. SAIL HR,11,Chennai Warehouse,2.510000,2.550000,0.000000,E250,3.150000,1250.000000,2500.000000
HRC000000000392,HR PLATE 4.8X1500X6300XE350,HR Coil,1. SAIL HR,11,Chennai Warehouse,2.505000,0.000000,0.000000,E350,4.800000,1500.000000,6300.000000
HRC000000000135,HR PLATE 20X1250X12500XE350,HR Coil,1. SAIL HR,11,Chennai Warehouse,2.466000,0.000000,0.000000,E350,20.000000,1250.000000,12500.000000
MS000000000149,VIZAG MS ANGLE 150X150X10MM,RINL STRL,4. RINL STRL,11,Chennai Warehouse,2.200000,0.030000,0.000000,IS2062 E250 A,10.000000,150.000000,12000.000000
HRC000000000130,HR PLATE 20X2000X6300XE250,HR Coil,1. SAIL HR,11,Chennai Warehouse,2.013000,0.115000,0.000000,IS2062 E250BR,20.000000,2000.000000,6300.000000
CUS000000001090,3/8 R2 HOSE ST X90 11 MTRS,Consumables,9. CONSUMABLES,11,Chennai Warehouse,2.000000,0.000000,0.000000,,0.000000,0.000000,0.000000
HRC000000000381,HR SHEET 04X1250X2500XE350,HR Coil,1. SAIL HR,11,Chennai Warehouse,1.983000,0.010000,0.000000,IS2062 E350 BR,4.000000,1250.000000,2500.000000
OTH000000000150,TMT-REBARS 12MM,OTHERS,8. OTHERS,11,Chennai Warehouse,1.950000,51.746000,40.970000,IS2062,0.000000,0.000000,0.000000
MS000000000014,SAIL MS ANGLES 150X150X12MM,SAIL STRUCTURAL,2. SAIL STRUCTURALS,11,Chennai Warehouse,1.810000,1.684000,574.560000,IS2062 E250 A,12.000000,150.000000,12000.000000
OTH000000000132,MS WIRE,OTHERS,8. OTHERS,11,Chennai Warehouse,1.775000,2.770000,3.925000,IS2062,0.000000,0.000000,0.000000
HRC000000000171,HR PLATE 25X1500X6300XE350,HR Coil,1. SAIL HR,11,Chennai Warehouse,1.768000,11.100000,0.000000,E350,25.000000,1500.000000,6300.000000
HRC000000000087,HR PLATE 12X1250X2500XE250,HR Coil,1. SAIL HR,11,Chennai Warehouse,1.731000,36.486000,0.000000,E250,12.000000,1250.000000,2500.000000
HRC000000000057,HR PLATE 06X1250X6300XE350,HR Coil,1. SAIL HR,11,Chennai Warehouse,1.662000,0.370000,0.000000,E350,6.000000,1250.000000,6300.000000
HRC000000000112,HR PLATE 16X1250X5000XE250,HR Coil,1. SAIL HR,11,Chennai Warehouse,1.577000,0.089000,0.000000,E250,16.000000,1250.000000,5000.000000
MS000000000039,SAIL MS CHANNEL 75X40MM,SAIL STRUCTURAL,2. SAIL STRUCTURALS,11,Chennai Warehouse,1.543000,13.228000,1389.218000,IS2062 E250 BR,,75.000000,12000.000000
HRC000000000045,HR PLATE 05X2000X6300XE250,HR Coil,1. SAIL HR,11,Chennai Warehouse,1.523000,0.000000,0.000000,E250,5.000000,2000.000000,6300.000000
HRC000000000385,HR PLATE 20X1500X3150XE250,HR Coil,1. SAIL HR,11,Chennai Warehouse,1.483000,0.000000,0.000000,E250,20.000000,1500.000000,3150.000000
HRC000000000253,HR PLATE 12X1500XCTLXE350,HR Coil,1. SAIL HR,11,Chennai Warehouse,1.472000,8.097600,0.000000,E350,12.000000,1500.000000,0.000000
HRC000000000296,HR SHEET 04X1250X3050XE250,HR Coil,1. SAIL HR,11,Chennai Warehouse,1.436000,0.000000,0.000000,E250,4.000000,1250.000000,3050.000000
HRC000000000021,HR PLATE 05X1250X5000XE250,HR Coil,1. SAIL HR,11,Chennai Warehouse,1.400000,0.750000,0.000000,E250,5.000000,1250.000000,5000.000000
MS000000000062,VIZAG MS ANGLE 75X75X10MM,RINL STRL,4. RINL STRL,11,Chennai Warehouse,1.345000,13.277000,0.000000,IS2062 E250 A,10.000000,75.000000,12000.000000
HRC000000000078,HR PLATE 08X2000X6300XE350,HR Coil,1. SAIL HR,11,Chennai Warehouse,1.281000,11.869000,0.000000,E350,8.000000,2000.000000,6300.000000
NMDC000000000069,HR SLIT COIL 3MMX45,SAIL H.R.PLATE,1. SAIL HR,11,Chennai Warehouse,1.280000,0.000000,0.000000,E250,3.000000,45.000000,
HRC000000000134,HR PLATE 20X1250X6300XE350,HR Coil,1. SAIL HR,11,Chennai Warehouse,1.243000,0.010000,0.000000,E350,20.000000,1250.000000,6300.000000
OTH000000000105,MS PIPE,OTHERS,8. OTHERS,11,Chennai Warehouse,1.201000,40.126000,133.004000,IS2062,0.000000,0.000000,0.000000
HRC000000000177,HR PLATE 16X2000X6300XE250,HR Coil,1. SAIL HR,11,Chennai Warehouse,1.178000,0.030000,0.000000,IS2062 E250 BR,16.000000,2000.000000,6300.000000
NMDC000000000067,HR SLIT COIL 3MMX40,SAIL H.R.PLATE,1. SAIL HR,11,Chennai Warehouse,1.150000,0.000000,0.000000,E250,3.000000,40.000000,
HRC000000000354,HR PLATE 12X2000X5000XE250,HR Coil,1. SAIL HR,11,Chennai Warehouse,1.047000,0.000000,0.000000,IS2062 E250 BR,12.000000,2000.000000,5000.000000
OTH000000000217,JSPL MS CHANNEL 300X90MM,OTHERS,8. OTHERS,11,Chennai Warehouse,1.040000,0.020000,124.000000,IS2062,300.000000,90.000000,12.000000
NMDC000000000083,HR SLIT COIL 5MMX100,SAIL H.R.PLATE,1. SAIL HR,11,Chennai Warehouse,1.000000,0.000000,0.000000,E250,5.000000,100.000000,
HRC000000000407,HR SLIT COIL 2.5MMX125,SAIL H.R.PLATE,1. SAIL HR,11,Chennai Warehouse,0.960000,0.000000,0.000000,IS2062 E250 BR,2.500000,125.000000,
HRC000000000400,HR PLATE 16X2000X3800XE350,HR Coil,1. SAIL HR,11,Chennai Warehouse,0.949000,0.000000,0.000000,E350,16.000000,2000.000000,3800.000000
HRC000000000391,HR PLATE 16X1500X5000XE250,HR Coil,1. SAIL HR,11,Chennai Warehouse,0.948000,0.000000,0.000000,E250,16.000000,1500.000000,5000.000000
MS000000000056,VIZAG MS ANGLE 100X100X10MM,RINL STRL,4. RINL STRL,11,Chennai Warehouse,0.945000,7.958000,25.130000,IS2062 E250 A,10.000000,100.000000,12000.000000
RS000000000003,SAIL RS JOISTS 200X100MM,SAIL STRUCTURAL,2. SAIL STRUCTURALS,11,Chennai Warehouse,0.840000,18.642000,2435.202000,IS2062 E250 BR,,200.000000,12000.000000
HRC000000000377,HR SHEET 4.8X1500X2260XHSFQ450,HR Coil,1. SAIL HR,11,Chennai Warehouse,0.789000,15.550000,0.000000,HSFQ450,4.800000,1500.000000,2260.000000
HRC000000000013,CHEQUERED PLATE 10X1250X2500XE250,HR Coil,1. SAIL HR,11,Chennai Warehouse,0.740000,0.000000,0.000000,E250,10.000000,1250.000000,2500.000000
HRC000000000043,HR SHEET 4.8X1500X2500XE250,HR Coil,1. SAIL HR,11,Chennai Warehouse,0.711000,0.160000,0.000000,E250,4.800000,1500.000000,2500.000000
HRC000000000352,HR SHEET 03X1500XCTLXE250,HR Coil,1. SAIL HR,11,Chennai Warehouse,0.696000,0.000000,0.000000,E250,3.000000,1500.000000,
NMDC000000000070,HR SLIT COIL 3MMX50,SAIL H.R.PLATE,1. SAIL HR,11,Chennai Warehouse,0.680000,0.000000,0.000000,E250,3.000000,50.000000,
HRC000000000014,CHEQUERED PLATE 10X1250X6300XE250,HR Coil,1. SAIL HR,11,Chennai Warehouse,0.638000,0.000000,0.000000,E250,10.000000,1250.000000,6300.000000
OTH000000000039,MS ANGLE 35X35X6MM,OTHERS,8. OTHERS,11,Chennai Warehouse,0.626000,0.000000,0.000000,IS2062,0.000000,0.000000,0.000000
HRC000000000393,HR PLATE 10X1500X5000XE350,HR Coil,1. SAIL HR,11,Chennai Warehouse,0.592000,0.000000,0.000000,E350,10.000000,1500.000000,5000.000000
HRC000000000093,HR PLATE 12X1250X5000XE350,HR Coil,1. SAIL HR,11,Chennai Warehouse,0.591000,0.000000,0.000000,IS2062 E350 BR,12.000000,1250.000000,5000.000000
OTH000000000170,UC 203X203x46MM,OTHERS,8. OTHERS,11,Chennai Warehouse,0.526000,0.124000,5.610000,IS2062,0.000000,0.000000,0.000000
HRC000000000214,HR PLATE 05X1250XCTLXE350,HR Coil,1. SAIL HR,11,Chennai Warehouse,0.522000,5.534000,0.000000,E350,5.000000,1250.000000,0.000000
HRC000000000292,HR SHEET 03X1500X2500XE250,HR Coil,1. SAIL HR,11,Chennai Warehouse,0.509000,4.967000,8.355000,E250,3.000000,1500.000000,2500.000000
TMT000000000078,VIZAG TMT REBARS 10MM  IS1786 FE550D STRAIGHT,RINL TMT,3. RINL TMT,11,Chennai Warehouse,0.490000,18.975000,44.600000,FE550D,10.000000,0.000000,12000.000000
HRC000000000279,HR SHEET 03X1500X3700XE350,HR Coil,1. SAIL HR,11,Chennai Warehouse,0.450000,0.970000,0.000000,IS2062 E350 BR,3.000000,1500.000000,3700.000000
OTH000000000050,MS CHANNELS,OTHERS,8. OTHERS,11,Chennai Warehouse,0.445000,6.773000,142.043000,IS2062,0.000000,0.000000,0.000000
OTH000000000091,MS FLATS 50X12MM,OTHERS,8. OTHERS,11,Chennai Warehouse,0.440000,0.000000,0.000000,IS2062,0.000000,0.000000,0.000000
OTH000000000198,MS FLATS 50X5MM,OTHERS,8. OTHERS,11,Chennai Warehouse,0.420000,0.426000,1.909000,IS2062,0.000000,0.000000,0.000000
HRC000000000075,HR PLATE 08X1250X5000XE350,HR Coil,1. SAIL HR,11,Chennai Warehouse,0.395000,0.000000,0.000000,E350,8.000000,1250.000000,5000.000000
HRC000000000311,HR PLATE 05X1500X6000XE350,HR Coil,1. SAIL HR,11,Chennai Warehouse,0.355000,0.000000,0.000000,E350,5.000000,1500.000000,6000.000000
HRC000000000384,HR PLATE 06X1500X5000XE250,HR Coil,1. SAIL HR,11,Chennai Warehouse,0.355000,0.000000,0.000000,E250,6.000000,1500.000000,5000.000000
HRC000000000403,CHEQUERED PLATE 08X1250XCTLXE250,HR Coil,1. SAIL HR,11,Chennai Warehouse,0.340000,0.890000,0.000000,IS3502/IS10748GRII,8.000000,1250.000000,
HRC000000000018,HR SHEET 04X1250X2500XE250,HR Coil,1. SAIL HR,11,Chennai Warehouse,0.335000,1.198000,15.995000,E250,4.000000,1250.000000,2500.000000
OTH000000000065,MS FLATS 125X10MM,OTHERS,8. OTHERS,11,Chennai Warehouse,0.310000,0.000000,0.286000,IS2062,0.000000,0.000000,0.000000
HRC000000000168,HR PLATE 20X2000X12000XE350,HR Coil,1. SAIL HR,11,Chennai Warehouse,0.302000,0.040000,0.000000,E350,20.000000,2000.000000,12000.000000
OTH000000000101,MS FLATS 75X10MM,OTHERS,8. OTHERS,11,Chennai Warehouse,0.300000,0.010000,0.542000,IS2062,0.000000,0.000000,0.000000
OTH000000000044,MS ANGLES,OTHERS,8. OTHERS,11,Chennai Warehouse,0.260000,11.348000,54712.450100,IS2062,0.000000,0.000000,0.000000
HRC000000000353,HR PLATE 08X1500X2500XE250,HR Coil,1. SAIL HR,11,Chennai Warehouse,0.237000,0.000000,0.000000,E250,8.000000,1500.000000,2500.000000
HRC000000000205,HR SHEET 04X1500XCTLXE250,HR Coil,1. SAIL HR,11,Chennai Warehouse,0.224000,0.000000,0.000000,E250,4.000000,1500.000000,0.000000
HRC000000000344,HR PLATE 08X2000X12000XE350,HR Coil,1. SAIL HR,11,Chennai Warehouse,0.209000,0.070000,0.000000,E350,8.000000,2000.000000,12000.000000
MS000000000025,SAIL MS ANGLE 75X75X8MM,SAIL STRUCTURAL,2. SAIL STRUCTURALS,11,Chennai Warehouse,0.195000,1.446000,1085.819000,IS2062 E250 BR,8.000000,75.000000,12000.000000
HRC000000000007,CHEQUERED PLATE 05X1250X5000XE250,HR Coil,1. SAIL HR,11,Chennai Warehouse,0.190000,0.180000,0.000000,IS3502/IS10748GRII,5.000000,1250.000000,5000.000000
HRC000000000184,HR PLATE 25X1250X6300XE250,HR Coil,1. SAIL HR,11,Chennai Warehouse,0.185000,4.836000,0.000000,E250,25.000000,1250.000000,6300.000000
OTH000000000004,CHEQUERED PLATE / COIL,OTHERS,8. OTHERS,11,Chennai Warehouse,0.160000,0.000000,31.953000,IS1309,0.000000,0.000000,0.000000
HRC000000000280,HR SHEET 03X1500X3400XE350,HR Coil,1. SAIL HR,11,Chennai Warehouse,0.144000,0.000000,0.000000,E350,3.000000,1500.000000,3400.000000
TMT000000000050,VIZAG TMT REBARS FE500D 25MM,RINL TMT,3. RINL TMT,11,Chennai Warehouse,0.130000,38.842000,194.400000,FE500D,25.000000,0.000000,12000.000000
HRC000000000271,HR PLATE 20X1500XCTLXE350,HR Coil,1. SAIL HR,11,Chennai Warehouse,0.109000,0.054000,0.000000,E350,20.000000,1500.000000,12600.000000
HRC000000000004,CHEQUERED SHEET 04X1250X3050XE250,HR Coil,1. SAIL HR,11,Chennai Warehouse,0.082000,0.582000,0.000000,E250,4.000000,1250.000000,3050.000000
HRC000000000282,HR PLATE 5.8X1250X1770XHSFQ450,HR Coil,1. SAIL HR,11,Chennai Warehouse,0.057000,0.057000,0.000000,HSFQ450,5.800000,1250.000000,1770.000000
HRC000000000213,HR PLATE 05X2000XCTLXE250,HR Coil,1. SAIL HR,11,Chennai Warehouse,0.054000,6.130000,0.000000,E250,5.000000,2000.000000,0.000000
HRC000000000286,HR PLATE 7.8X1500X2500XHSFQ550,HR Coil,1. SAIL HR,11,Chennai Warehouse,0.050000,0.050000,0.000000,HSFQ550,7.800000,1500.000000,2500.000000
HRC000000000283,HR PLATE 5.8X1500X2150XHSFQ550,HR Coil,1. SAIL HR,11,Chennai Warehouse,0.023000,0.000000,0.000000,HSFQ550,5.800000,1500.000000,2150.000000
HRC000000000406,HR SHEET 04X1500X6300XE350,HR Coil,1. SAIL HR,11,Chennai Warehouse,0.013000,6.250000,0.000000,E350,4.000000,1500.000000,6300.000000
HRC000000000390,HR PLATE 7.8X1250X6300XE250,HR Coil,1. SAIL HR,11,Chennai Warehouse,0.008000,0.000000,0.000000,E250,7.800000,1250.000000,6300.000000
MS000000000067,VIZAG MS ANGLE 90X90X8MM,RINL STRL,4. RINL STRL,11,Chennai Warehouse,0.006000,2.973000,0.000000,IS2062 E250 A,8.000000,90.000000,12000.000000
HRC000000000070,HR PLATE 7.8X1250X2500XE250,HR Coil,1. SAIL HR,11,Chennai Warehouse,0.004000,31.210000,0.000000,E250,7.800000,1250.000000,2500.000000
HRC000000000243,HR PLATE 10X1500XCTLXE250,HR Coil,1. SAIL HR,11,Chennai Warehouse,0.002000,62.048000,0.000000,E250,10.000000,1500.000000,0.000000
HR000000000807,SAIL HR PLATE 16MMX1250/E350,SAIL HR SHEET,1. SAIL HR,11,Chennai Warehouse,0.001000,0.000000,0.000000,IS2062 E350BR,16.000000,1250.000000,0.000000
HR000000000110,SSP HR COIL 3MMX1250,SAIL H.R.PLATE,1. SAIL HR,22,Salem - Subcontract Warehouse,142.515000,0.000000,0.000000,IS2062 E250 BR,3.000000,1250.000000,
NMDC000000000057,NMDC HR COIL 3MMX1500,SAIL H.R.PLATE,1. SAIL HR,22,Salem - Subcontract Warehouse,135.165000,0.000000,0.000000,E250,3.000000,1500.000000,
HR000000000117,SSP HR COIL 6MMX1250,SAIL H.R.PLATE,1. SAIL HR,22,Salem - Subcontract Warehouse,87.895000,0.000000,0.000000,E250,6.000000,1250.000000,
NMDC000000000027,NMDC HR COIL 10MMX1500,SAIL H.R.PLATE,1. SAIL HR,22,Salem - Subcontract Warehouse,83.370000,0.000000,0.000000,E250,10.000000,1500.000000,
HRC000000000079,HR PLATE 10X1500X6300XE250,HR Coil,1. SAIL HR,22,Salem - Subcontract Warehouse,58.730000,0.000000,0.000000,E250,10.000000,1500.000000,6300.000000
HR000000000115,SSP HR COIL 4MMX1250,SAIL H.R.PLATE,1. SAIL HR,22,Salem - Subcontract Warehouse,55.735000,0.000000,0.000000,IS2062 E250 BR,4.000000,1250.000000,
HR000000000922,JSW HR COIL 12MMX1250 /E550,JSW H.R.COIL,5. JSW HR,22,Salem - Subcontract Warehouse,52.760000,0.000000,0.000000,E550,12.000000,1250.000000,
HR000000000582,SSP HR COIL 10MMX1250/E350BR,SAIL H.R.PLATE,1. SAIL HR,22,Salem - Subcontract Warehouse,46.440000,0.000000,0.000000,IS2062 E350 BR,10.000000,1250.000000,
HR000000000078,SSP HR COIL 1.6MM X1250,SAIL H.R.PLATE,1. SAIL HR,22,Salem - Subcontract Warehouse,45.975000,0.000000,0.000000,IS2062 E250 BR,1.600000,1250.000000,
HRC000000000044,HR PLATE 05X1500X6300XE250,HR Coil,1. SAIL HR,22,Salem - Subcontract Warehouse,40.860000,0.000000,0.000000,E250,5.000000,1500.000000,6300.000000
HRC000000000029,HR PLATE 10X1250X2500XE250,HR Coil,1. SAIL HR,22,Salem - Subcontract Warehouse,40.780000,0.000000,0.000000,E250,10.000000,1250.000000,2500.000000
HRC000000000025,HR PLATE 06X1250X6300XE250,HR Coil,1. SAIL HR,22,Salem - Subcontract Warehouse,40.150000,0.000000,0.000000,E250,6.000000,1250.000000,6300.000000
HR000000000120,SSP HR COIL 5MMX1250,SAIL H.R.PLATE,1. SAIL HR,22,Salem - Subcontract Warehouse,38.185000,0.000000,0.000000,IS2062 E250 BR,5.000000,1250.000000,
HR000000001026,SSP HR COIL 3MMX1250/IS 10748GR1,SAIL H.R.PLATE,1. SAIL HR,22,Salem - Subcontract Warehouse,32.050000,0.000000,0.000000,IS2062/IS10748GR1,3.000000,1250.000000,
HR000000000601,SSP HR COIL 8MMX1250/E350BR,SAIL H.R.PLATE,1. SAIL HR,22,Salem - Subcontract Warehouse,31.315000,0.000000,0.000000,IS2062 E350BR,8.000000,1250.000000,
HR000000000098,SSP HR COIL 2.9MMX1250,SAIL H.R.PLATE,1. SAIL HR,22,Salem - Subcontract Warehouse,30.685000,0.000000,0.000000,IS2062 E250 BR,2.900000,1250.000000,
HR000000000048,JSW HR COIL 3MMX1500,JSW H.R.COIL,5. JSW HR,22,Salem - Subcontract Warehouse,23.955000,0.000000,0.000000,IS2062 E250 BR,3.000000,1500.000000,
CH000000000013,SAIL CHEQUERED COIL 5MMX1250,SAIL H.R.PLATE,1. SAIL HR,22,Salem - Subcontract Warehouse,23.380000,0.000000,0.000000,IS3502/IS10748GRII,5.000000,1250.000000,
HR000000000053,JSW HR COIL 4MMX1500,JSW H.R.COIL,5. JSW HR,22,Salem - Subcontract Warehouse,23.090000,0.000000,0.000000,IS2062 E250 BR,4.000000,1500.000000,
HR000000000087,SSP HR COIL 12MMX1250,SAIL H.R.PLATE,1. SAIL HR,22,Salem - Subcontract Warehouse,22.261000,0.000000,0.000000,E250,12.000000,1250.000000,
HR000000000130,SSP HR COIL 8MMX1250,SAIL H.R.PLATE,1. SAIL HR,22,Salem - Subcontract Warehouse,21.760000,0.000000,0.000000,E250,8.000000,1250.000000,
HR000000000002,JSW HR COIL 1.6MMX1250,JSW H.R.COIL,5. JSW HR,22,Salem - Subcontract Warehouse,21.375000,0.000000,0.000000,IS2062 E250 BR,1.600000,1250.000000,
NMDC000000000074,NMDC HR COIL 4MMX1500,SAIL H.R.PLATE,1. SAIL HR,22,Salem - Subcontract Warehouse,20.970000,0.000000,0.000000,E250,4.000000,1500.000000,
HRC000000000028,HR PLATE 08X1250X6300XE250,HR Coil,1. SAIL HR,22,Salem - Subcontract Warehouse,20.320000,0.000000,0.000000,E250,8.000000,1250.000000,6300.000000
HRC000000000022,HR PLATE 05X1250X6300XE250,HR Coil,1. SAIL HR,22,Salem - Subcontract Warehouse,20.130000,0.000000,0.000000,E250,5.000000,1250.000000,6300.000000
NMDC000000000041,NMDC HR COIL 5MMX1250,SAIL H.R.PLATE,1. SAIL HR,22,Salem - Subcontract Warehouse,19.000000,0.000000,0.000000,E250,5.000000,1250.000000,
HR000000000602,SSP HR COIL 12MMX1250/E350BR,SAIL H.R.PLATE,1. SAIL HR,22,Salem - Subcontract Warehouse,16.255000,0.000000,0.000000,IS2062 E350 BR,12.000000,1250.000000,
HR000000001027,SSP HR COIL 3.10 MMX1250,SAIL H.R.PLATE,1. SAIL HR,22,Salem - Subcontract Warehouse,15.390000,0.000000,0.000000,IS2062 E250 BR,3.100000,1250.000000,
HR000000000103,SSP HR COIL 3.15MMX1250,SAIL H.R.PLATE,1. SAIL HR,22,Salem - Subcontract Warehouse,15.270000,0.000000,0.000000,IS2062 E250 BR,3.150000,1250.000000,
HRC000000000205,HR SHEET 04X1500XCTLXE250,HR Coil,1. SAIL HR,22,Salem - Subcontract Warehouse,10.110000,0.000000,0.000000,E250,4.000000,1500.000000,0.000000
HRC000000000072,HR PLATE 08X1500X6300XE250,HR Coil,1. SAIL HR,22,Salem - Subcontract Warehouse,8.920000,0.000000,0.000000,E250,8.000000,1500.000000,6300.000000
HR000000000092,SSP HR COIL 2.5MMX1250,SAIL H.R.PLATE,1. SAIL HR,22,Salem - Subcontract Warehouse,6.025000,0.000000,0.000000,IS2062 E250 BR,2.500000,1250.000000,
NMDC000000000013,NMDC HR COIL 6MMX1250,SAIL H.R.PLATE,1. SAIL HR,22,Salem - Subcontract Warehouse,4.950000,0.000000,0.000000,E250,6.000000,1250.000000,
NMDC000000000006,NMDC HR COIL 8MMX1500,SAIL H.R.PLATE,1. SAIL HR,22,Salem - Subcontract Warehouse,4.690000,0.000000,0.000000,E250,8.000000,1500.000000,
HR000000000081,SSP HR COIL 10MMX1250,SAIL H.R.PLATE,1. SAIL HR,22,Salem - Subcontract Warehouse,3.920000,0.000000,0.000000,IS2062 E250 BR,10.000000,1250.000000,
HR000000000588,JSW HR COIL 2.5MMX1500,JSW H.R.COIL,5. JSW HR,22,Salem - Subcontract Warehouse,2.915000,0.000000,0.000000,IS2062 E250 BR,2.500000,1500.000000,
HR000000000603,SSP HR COIL 6MMX1250/E350BR,SAIL H.R.PLATE,1. SAIL HR,22,Salem - Subcontract Warehouse,1.495000,0.000000,0.000000,IS2062 E350BR,6.000000,1250.000000,
HR000000000127,SAIL HR COIL 16MMX1500,SAIL HR COIL,1. SAIL HR,22,Salem - Subcontract Warehouse,1.320000,0.000000,0.000000,E250,16.000000,1500.000000,
NMDC000000000009,NMDC HR COIL 10MMX1250,SAIL H.R.PLATE,1. SAIL HR,22,Salem - Subcontract Warehouse,0.660000,0.000000,0.000000,E250,10.000000,1250.000000,
HR000000000654,JSW HR PLATE 16MMX1250,JSW H.R.SHEET,5. JSW HR,22,Salem - Subcontract Warehouse,0.390000,0.000000,0.000000,IS2062 E250 BR,16.000000,1250.000000,0.000000
HR000000001012,HR SHEET 2.5X1250X2500MM,SAIL HR SHEET,1. SAIL HR,22,Salem - Subcontract Warehouse,0.125000,0.000000,0.000000,IS2062 E250 BR,2.500000,1250.000000,2500.000000
NMDC000000000027,NMDC HR COIL 10MMX1500,SAIL H.R.PLATE,1. SAIL HR,38,Chennai Warehouse - COIL,395.670000,0.000000,0.000000,E250,10.000000,1500.000000,
NMDC000000000025,NMDC HR COIL 3MMX1250 E250,SAIL H.R.PLATE,1. SAIL HR,38,Chennai Warehouse - COIL,210.020000,34.000000,25.000000,E250,3.000000,1250.000000,
NMDC000000000022,NMDC HR COIL 12MMX1500/E350,SAIL H.R.PLATE,1. SAIL HR,38,Chennai Warehouse - COIL,200.592000,3.000000,3.000000,E350,12.000000,1500.000000,
NMDC000000000021,NMDC HR COIL 8MMX1500/E350,SAIL H.R.PLATE,1. SAIL HR,38,Chennai Warehouse - COIL,157.523000,0.000000,42.850000,E350,8.000000,1500.000000,
NMDC000000000012,NMDC HR COIL 8MMX1250,SAIL H.R.PLATE,1. SAIL HR,38,Chennai Warehouse - COIL,146.550000,0.000000,0.001000,E250,8.000000,1250.000000,
NMDC000000000018,NMDC HR COIL 10MMX1500/E350,SAIL H.R.PLATE,1. SAIL HR,38,Chennai Warehouse - COIL,146.370000,3.000000,83.000000,E350,10.000000,1500.000000,
NMDC000000000029,NMDC HR COIL 2MMX1250,SAIL H.R.PLATE,1. SAIL HR,38,Chennai Warehouse - COIL,133.768000,37.000000,96.450000,E250,2.000000,1250.000000,
NMDC000000000006,NMDC HR COIL 8MMX1500,SAIL H.R.PLATE,1. SAIL HR,38,Chennai Warehouse - COIL,125.980000,3.000000,3.000000,E250,8.000000,1500.000000,
HR000000000549,SAIL HR COIL 20MMX1500,SAIL HR COIL,1. SAIL HR,38,Chennai Warehouse - COIL,125.260000,0.000000,1.001000,E250,20.000000,1500.000000,
NMDC000000000013,NMDC HR COIL 6MMX1250,SAIL H.R.PLATE,1. SAIL HR,38,Chennai Warehouse - COIL,105.190000,0.000000,0.000000,E250,6.000000,1250.000000,
NMDC000000000057,NMDC HR COIL 3MMX1500,SAIL H.R.PLATE,1. SAIL HR,38,Chennai Warehouse - COIL,105.190000,0.000000,0.000000,E250,3.000000,1500.000000,
NMDC000000000009,NMDC HR COIL 10MMX1250,SAIL H.R.PLATE,1. SAIL HR,38,Chennai Warehouse - COIL,104.530000,0.000000,42.221000,E250,10.000000,1250.000000,
NMDC000000000010,NMDC HR COIL 10MMX1250/E350,SAIL H.R.PLATE,1. SAIL HR,38,Chennai Warehouse - COIL,104.100000,0.000000,20.880000,E350,10.000000,1250.000000,
HR000000000267,SAIL HR COIL 12MMX2000,SAIL HR COIL,1. SAIL HR,38,Chennai Warehouse - COIL,96.300000,0.000000,0.000000,E250,12.000000,2000.000000,
HR000000000266,SAIL HR COIL 10MMX2000,SAIL HR COIL,1. SAIL HR,38,Chennai Warehouse - COIL,96.080000,0.000000,0.000000,E250,10.000000,2000.000000,
NMDC000000000065,NMDC HR COIL 14MMX1500,SAIL H.R.PLATE,1. SAIL HR,38,Chennai Warehouse - COIL,94.288000,0.000000,0.000000,E250,14.000000,1500.000000,
CH000000000014,SAIL CHEQUERED COIL 4MMX1250,SAIL H.R.PLATE,1. SAIL HR,38,Chennai Warehouse - COIL,87.530000,0.000000,22.430000,IS3502/IS10748GRII,4.000000,1250.000000,
HR000000000551,SAIL HR COIL 20MMX1250,SAIL HR COIL,1. SAIL HR,38,Chennai Warehouse - COIL,84.880000,0.000000,63.650000,E250,20.000000,1250.000000,
NMDC000000000059,NMDC HR COIL 6MMX1250/E350,SAIL H.R.PLATE,1. SAIL HR,38,Chennai Warehouse - COIL,84.810000,0.000000,0.000000,E350,6.000000,1250.000000,
NMDC000000000060,NMDC HR COIL 6MMX1500/E350,SAIL H.R.PLATE,1. SAIL HR,38,Chennai Warehouse - COIL,81.312000,0.000000,1.000000,E350,6.000000,1500.000000,
HR000000000315,SAIL HR COIL 6MMX2000/E350BR,SAIL HR COIL,1. SAIL HR,38,Chennai Warehouse - COIL,81.207000,0.000000,0.000000,E350,6.000000,2000.000000,
NMDC000000000042,NMDC HR COIL 5MMX1500,SAIL H.R.PLATE,1. SAIL HR,38,Chennai Warehouse - COIL,73.580000,0.000000,0.000000,E250,5.000000,1500.000000,
NMDC000000000062,NMDC HR COIL 5MMX1500XE350,SAIL H.R.PLATE,1. SAIL HR,38,Chennai Warehouse - COIL,71.967000,0.000000,40.090000,E350,5.000000,1500.000000,
CH000000000013,SAIL CHEQUERED COIL 5MMX1250,SAIL H.R.PLATE,1. SAIL HR,38,Chennai Warehouse - COIL,66.300000,0.000000,0.000000,IS3502/IS10748GRII,5.000000,1250.000000,
CH000000000015,SAIL CHEQUERED COIL 6MMX1250,SAIL H.R.PLATE,1. SAIL HR,38,Chennai Warehouse - COIL,64.580000,0.000000,0.000000,IS3502/IS10748GRII,6.000000,1250.000000,
HR000000000536,SAIL HR COIL 10MMX2000/E350BR,SAIL HR COIL,1. SAIL HR,38,Chennai Warehouse - COIL,64.460000,0.000000,0.000000,E350,10.000000,2000.000000,
NMDC000000000064,NMDC HR COIL 8MMX1250/E350,SAIL H.R.PLATE,1. SAIL HR,38,Chennai Warehouse - COIL,64.309000,0.000000,0.010000,E350,8.000000,1250.000000,
HR000000000565,SAIL HR COIL 20MMX2000,SAIL HR COIL,1. SAIL HR,38,Chennai Warehouse - COIL,64.150000,0.000000,0.000000,E250,20.000000,2000.000000,
HR000000000560,SAIL HR COIL 16MMX2000/E350BR,SAIL HR COIL,1. SAIL HR,38,Chennai Warehouse - COIL,63.930000,0.000000,0.000000,E350,16.000000,2000.000000,
HR000000000628,SAIL HR COIL 14MMX2000,SAIL HR COIL,1. SAIL HR,38,Chennai Warehouse - COIL,63.550000,0.000000,0.000000,E250,14.000000,2000.000000,
NMDC000000000074,NMDC HR COIL 4MMX1500,SAIL H.R.PLATE,1. SAIL HR,38,Chennai Warehouse - COIL,62.990000,0.000000,0.010000,E250,4.000000,1500.000000,
NMDC000000000028,NMDC HR COIL 14MMX1500/E350,SAIL H.R.PLATE,1. SAIL HR,38,Chennai Warehouse - COIL,62.910000,0.000000,0.000000,E350,14.000000,1500.000000,
NMDC000000000041,NMDC HR COIL 5MMX1250,SAIL H.R.PLATE,1. SAIL HR,38,Chennai Warehouse - COIL,62.830000,0.000000,0.001000,E250,5.000000,1250.000000,
NMDC000000000020,NMDC HR COIL 16MMX1500,SAIL H.R.PLATE,1. SAIL HR,38,Chennai Warehouse - COIL,62.320000,0.000000,0.010000,E250,16.000000,1500.000000,
NMDC000000000063,NMDC HR COIL 5MMX1250/E350,SAIL H.R.PLATE,1. SAIL HR,38,Chennai Warehouse - COIL,58.576000,0.000000,0.000000,E350,5.000000,1250.000000,
HR000000000324,JSW HR COIL 25MMX1500,JSW H.R.COIL,5. JSW HR,38,Chennai Warehouse - COIL,53.705000,0.000000,1.000000,E250,25.000000,1500.000000,
HR000000000181,JSW HR COIL 8MMX2000,JSW H.R.COIL,5. JSW HR,38,Chennai Warehouse - COIL,53.285000,0.000000,0.000000,IS2062 E250A,8.000000,2000.000000,
NMDC000000000037,NMDC HR COIL 2.5MMX1250,SAIL H.R.PLATE,1. SAIL HR,38,Chennai Warehouse - COIL,52.597000,0.000000,0.000000,E250,2.500000,1250.000000,
HR000000001029,SAIL HR COIL 3.5MMX1250/E250,SAIL HR COIL,1. SAIL HR,38,Chennai Warehouse - COIL,38.660000,0.000000,0.000000,E250BR,3.500000,1250.000000,
HR000000000990,SAIL HR COIL 5MMX2000/E350,SAIL HR COIL,1. SAIL HR,38,Chennai Warehouse - COIL,32.290000,0.000000,0.000000,E350,5.000000,2000.000000,
HR000000000608,SAIL HR COIL 14MMX2000/E350BR,SAIL HR COIL,1. SAIL HR,38,Chennai Warehouse - COIL,32.180000,0.000000,0.000000,E350,14.000000,2000.000000,
HR000000000566,SAIL HR COIL 12MMX2000/E350BR,SAIL HR COIL,1. SAIL HR,38,Chennai Warehouse - COIL,32.160000,0.000000,1.010000,E350,12.000000,2000.000000,
HR000000000461,SAIL HR COIL 16MMX2000,SAIL HR COIL,1. SAIL HR,38,Chennai Warehouse - COIL,32.110000,0.000000,0.000000,E250,16.000000,2000.000000,
HR000000000575,SAIL HR COIL 20MMX2000/E350BR,SAIL HR COIL,1. SAIL HR,38,Chennai Warehouse - COIL,32.020000,0.000000,0.000000,E350,20.000000,2000.000000,
HR000000000264,SAIL HR COIL 6MMX2000,SAIL HR COIL,1. SAIL HR,38,Chennai Warehouse - COIL,31.870000,0.000000,64.280000,E250,6.000000,2000.000000,
HR000000000087,SSP HR COIL 12MMX1250,SAIL H.R.PLATE,1. SAIL HR,38,Chennai Warehouse - COIL,31.060000,0.000000,0.000000,E250,12.000000,1250.000000,
HR000000000025,JSW HR COIL 16MMX2000,JSW H.R.COIL,5. JSW HR,38,Chennai Warehouse - COIL,31.040000,0.000000,0.000000,IS2062 E250 BR,16.000000,2000.000000,
HR000000000604,SAIL HR COIL 20MMX1500/E350BR,SAIL HR COIL,1. SAIL HR,38,Chennai Warehouse - COIL,31.000000,0.000000,0.000000,E350,20.000000,1500.000000,
HR000000000537,SAIL HR COIL 8MMX2000/E350BR,SAIL HR COIL,1. SAIL HR,38,Chennai Warehouse - COIL,28.260000,0.000000,25.030000,E350,8.000000,2000.000000,
HR000000001028,JSW HR COIL 20MMX2000/E250BR,JSW H.R.COIL,5. JSW HR,38,Chennai Warehouse - COIL,27.780000,0.000000,0.000000,IS2062 E250BR,20.000000,2000.000000,
CH000000000011,SAIL CHEQUERED COIL 3MMX1250,SAIL H.R.PLATE,1. SAIL HR,38,Chennai Warehouse - COIL,21.920000,0.000000,44.131000,IS3502/IS10748GRII,3.000000,1250.000000,
HR000000000972,H.R COIL 4MMX1250/E350BR,OTHERS,8. OTHERS,38,Chennai Warehouse - COIL,21.635000,0.000000,0.000000,E350BR,4.000000,1250.000000,
HR000000000317,SAIL HR COIL 10MMX1500/E350C,SAIL HR COIL,1. SAIL HR,38,Chennai Warehouse - COIL,21.530000,0.000000,0.000000,IS2062 E350C,10.000000,1500.000000,
NMDC000000000046,NMDC HR COIL 16MMX1500/E350BR,SAIL H.R.PLATE,1. SAIL HR,38,Chennai Warehouse - COIL,21.100000,0.000000,0.000000,E350,16.000000,1500.000000,
NMDC000000000023,NMDC HR COIL 16MMX1500/E350,SAIL H.R.PLATE,1. SAIL HR,38,Chennai Warehouse - COIL,21.090000,0.000000,0.000000,E350,16.000000,1500.000000,
NMDC000000000016,NMDC HR COIL 12MMX1250,SAIL H.R.PLATE,1. SAIL HR,38,Chennai Warehouse - COIL,21.070000,0.000000,0.000000,E250,12.000000,1250.000000,
HR000000001030,SAIL HR COIL 18MMX1250/E350,SAIL HR COIL,1. SAIL HR,38,Chennai Warehouse - COIL,21.070000,0.000000,0.000000,E350,18.000000,1250.000000,
NMDC000000000026,NMDC HR COIL 16MMX1250,SAIL H.R.PLATE,1. SAIL HR,38,Chennai Warehouse - COIL,20.980000,1.000000,1.000000,E250,16.000000,1250.000000,
HR000000000633,SAIL HR COIL 16MMX1250/E350,SAIL HR COIL,1. SAIL HR,38,Chennai Warehouse - COIL,20.800000,0.000000,0.000000,E350,16.000000,1250.000000,
NMDC000000000014,NMDC HR COIL 5.8MMX1250,SAIL H.R.PLATE,1. SAIL HR,38,Chennai Warehouse - COIL,20.740000,18.000000,18.001000,E250,5.800000,1250.000000,
NMDC000000000033,NMDC HR COIL 4.8MMX1500/HSFQ450,SAIL H.R.PLATE,1. SAIL HR,38,Chennai Warehouse - COIL,20.710000,18.000000,21.000000,HSFQ450,4.800000,1500.000000,
NMDC000000000008,NMDC HR COIL 4MMX1250,SAIL H.R.PLATE,1. SAIL HR,38,Chennai Warehouse - COIL,20.520000,0.000000,0.000000,E250,4.000000,1250.000000,
NMDC000000000017,NMDC HR COIL 12MMX1500,SAIL H.R.PLATE,1. SAIL HR,38,Chennai Warehouse - COIL,20.440000,3.000000,3.000000,E250,12.000000,1500.000000,
NMDC000000000081,NMDC HR COIL 4MMX1500 E350,SAIL H.R.PLATE,1. SAIL HR,38,Chennai Warehouse - COIL,14.756000,0.000000,0.000000,E350,4.000000,1500.000000,
HR000000001025,AMNS HR COIL 12X2000MM/E350BR,OTHERS,8. OTHERS,38,Chennai Warehouse - COIL,11.457000,0.000000,0.000000,IS2062 E350BR,12.000000,2000.000000,0.000000
HR000000000602,SSP HR COIL 12MMX1250/E350BR,SAIL H.R.PLATE,1. SAIL HR,38,Chennai Warehouse - COIL,11.156000,0.000000,0.000000,IS2062 E350 BR,12.000000,1250.000000,
CH000000000047,SAIL CHEQUERED COIL 5MMX1500,SAIL H.R.PLATE,1. SAIL HR,38,Chennai Warehouse - COIL,10.236000,0.000000,0.000000,IS3502/IS10748GRII,5.000000,1500.000000,
HR000000000393,SAIL HR COIL 5MMX2000,SAIL HR COIL,1. SAIL HR,38,Chennai Warehouse - COIL,8.450000,0.000000,0.000000,E250,5.000000,2000.000000,
MS000000000035,SAIL MS CHANNEL 200X75MM,SAIL STRUCTURAL,2. SAIL STRUCTURALS,39,Stock In Transit,64.900000,0.000000,0.000000,IS2062 E250 BR,,200.000000,12000.000000
MS000000000119,SAIL NPB 300X150X7.1MM(42.25kg)-E250,SAIL STRUCTURAL,2. SAIL STRUCTURALS,39,Stock In Transit,64.680000,0.000000,0.000000,IS2062 E250 BR,7.100000,0.000000,0.000000
MS000000000031,SAIL MS CHANNEL 125X65MM,SAIL STRUCTURAL,2. SAIL STRUCTURALS,39,Stock In Transit,60.260000,0.000000,0.000000,IS2062 E250 BR,,125.000000,12000.000000
MS000000000138,SAIL NPB 350X170X(50.22kg)-E250,SAIL STRUCTURAL,2. SAIL STRUCTURALS,39,Stock In Transit,52.390000,0.000000,0.000000,IS2062 E250 BR,,0.000000,0.000000
MS000000000042,SAIL NPB 200X100X6.2MM(25kg)-E250,SAIL STRUCTURAL,2. SAIL STRUCTURALS,39,Stock In Transit,46.130000,0.000000,0.000000,IS2062 E250 BR,6.200000,0.000000,0.000000
MS000000000001,SAIL MS ANGLE 100X100X10MM,SAIL STRUCTURAL,2. SAIL STRUCTURALS,39,Stock In Transit,0.230000,0.000000,0.000000,IS2062 E250 A,10.000000,100.000000,12000.000000
JW000000000074,AMNS HR COIL 16X1190 WIR006,HR Coil,1. SAIL HR,45,JOB WORK WAREHOUSE,63.740000,0.000000,0.000000,WIR006,16.000000,1190.000000,
JW000000000151,JSOL HR COIL 14.3X1190 WIR006,HR Coil,1. SAIL HR,45,JOB WORK WAREHOUSE,61.496000,0.000000,0.000000,WIR006,14.300000,1190.000000,
JW000000000155,JSOL HR COIL 16X1210 WIR006,HR Coil,1. SAIL HR,45,JOB WORK WAREHOUSE,61.344000,0.000000,0.000000,WIR006,16.000000,1210.000000,
JW000000000152,JSOL HR COIL 16X1190 WIR006,HR Coil,1. SAIL HR,45,JOB WORK WAREHOUSE,60.954000,0.000000,0.000000,WIR006,16.000000,1190.000000,
JW000000000142,WUHAN HR COIL 14.3X1240 WIR006,HR Coil,1. SAIL HR,45,JOB WORK WAREHOUSE,49.300000,0.000000,0.000000,WIR006,14.300000,1240.000000,
JW000000000138,WUHAN HR COIL 18.8X1260 WIR006,HR Coil,1. SAIL HR,45,JOB WORK WAREHOUSE,49.032000,0.000000,0.000000,WIR006,18.800000,1260.000000,
HR000000001020,JSW HR COIL 16MMX1190 WIR006,JSW H.R.COIL,5. JSW HR,45,JOB WORK WAREHOUSE,47.315000,0.000000,0.000000,WIR006,16.000000,1190.000000,
JW000000000153,JSOL HR COIL 11.2X1250 WIR006,HR Coil,1. SAIL HR,45,JOB WORK WAREHOUSE,40.540000,0.000000,0.000000,WIR006,11.200000,1250.000000,
JW000000000071,JSW HR COIL 14.3X1550 WIR025,HR Coil,1. SAIL HR,45,JOB WORK WAREHOUSE,28.605000,0.000000,0.000000,WIR025,14.300000,1550.000000,
JW000000000018,HYUNDAI HR COIL 14.3X1240 WIR006,HR Coil,1. SAIL HR,45,JOB WORK WAREHOUSE,25.970000,0.000000,0.000000,WIR006,14.300000,1240.000000,
JW000000000143,WUHAN HR COIL 16X1210 WIR006,HR Coil,1. SAIL HR,45,JOB WORK WAREHOUSE,24.869000,0.000000,0.000000,WIR006,16.000000,1210.000000,
JW000000000160,WUHAN HR COIL 14.3X1190 WIR006,HR Coil,1. SAIL HR,45,JOB WORK WAREHOUSE,24.745000,0.000000,0.000000,WIR006,14.300000,1190.000000,
JW000000000141,WUHAN HR COIL 12.4X1250 WIR006,HR Coil,1. SAIL HR,45,JOB WORK WAREHOUSE,24.650000,0.000000,0.000000,WIR006,12.400000,1250.000000,
JW000000000137,WUHAN HR COIL 12.1X1270 WIR006,HR Coil,1. SAIL HR,45,JOB WORK WAREHOUSE,24.640000,0.000000,0.000000,WIR006,12.100000,1270.000000,
JW000000000161,WUHAN HR COIL 18X1260 WIR006,HR Coil,1. SAIL HR,45,JOB WORK WAREHOUSE,24.630000,0.000000,0.000000,WIR006,18.000000,1260.000000,
JW000000000140,WUHAN HR COIL 16X1190 WIR006,HR Coil,1. SAIL HR,45,JOB WORK WAREHOUSE,24.279000,0.000000,0.000000,WIR006,16.000000,1190.000000,
JW000000000172,JSW HR COIL 15.6X1270 WIR006,HR Coil,1. SAIL HR,45,JOB WORK WAREHOUSE,23.440000,0.000000,0.000000,WIR006,15.600000,1270.000000,
JW000000000086,AMNS HR COIL 12.4X1250  WIR006,HR Coil,1. SAIL HR,45,JOB WORK WAREHOUSE,22.805000,0.000000,0.000000,WIR006,12.400000,1250.000000,
JW000000000114,AMNS HR COIL 12.1X1270 WIR006,HR Coil,1. SAIL HR,45,JOB WORK WAREHOUSE,22.745000,0.000000,0.000000,WIR006,12.100000,1270.000000,
JW000000000130,AMNS HR COIL 18.8X1260  WIR006,HR Coil,1. SAIL HR,45,JOB WORK WAREHOUSE,22.635000,0.000000,0.000000,WIR006,18.800000,1260.000000,
JW000000000182,AMNS HR PLATE 18.8X1260X3796 WIR006,HR Coil,1. SAIL HR,45,JOB WORK WAREHOUSE,21.993000,22.100000,0.000000,WIR006,18.800000,1260.000000,3796.000000
JW000000000123,AMNS HR PLATE 12.4X1250X3750  WIR006,HR Coil,1. SAIL HR,45,JOB WORK WAREHOUSE,21.554000,0.280000,0.000000,WIR006,12.400000,1250.000000,3750.000000
JW000000000076,AMNS HR COIL 12.1X1190 WIR006,HR Coil,1. SAIL HR,45,JOB WORK WAREHOUSE,21.125000,0.000000,0.000000,WIR006,12.100000,1190.000000,
JW000000000108,JSW HR COIL 8.2X1060 WIR006,JSW H.R.COIL,5. JSW HR,45,JOB WORK WAREHOUSE,20.890000,0.000000,0.000000,WIR006,8.200000,1060.000000,
RDU000000000121,AMNS HR PRIME BLANKS/FLATS 16X125X2830 WIR006,HR Coil,1. SAIL HR,45,JOB WORK WAREHOUSE,14.460000,1.570000,0.000000,WIR006,16.000000,125.000000,2830.000000
JW000000000187,JSOL HR PLATE 18X1260X2630 WIR006,HR Coil,1. SAIL HR,45,JOB WORK WAREHOUSE,14.449000,0.000000,0.000000,WIR006,18.000000,1260.000000,2630.000000
JW000000000186,JSOL HR PLATE 18X1260X4488 WIR006,HR Coil,1. SAIL HR,45,JOB WORK WAREHOUSE,5.952000,0.000000,0.000000,WIR006,18.000000,1260.000000,4488.000000
RDU000000000122,AMNS HR  BLANKS/FLATS 16X1190 SCRAP  WIR006,HR Coil,1. SAIL HR,45,JOB WORK WAREHOUSE,2.815000,0.025000,0.000000,WIR006,16.000000,1190.000000,
RDU000000000192,JSOL HR BLANKS/FLATS 18X1260 SCRAP WIR006,HR Coil,1. SAIL HR,45,JOB WORK WAREHOUSE,2.048000,0.000000,0.000000,WIR006,18.000000,1260.000000,
RDU000000000189,WUHAN HR  BLANKS/FLATS 12.1X1270 SCRAP  WIR006,HR Coil,1. SAIL HR,45,JOB WORK WAREHOUSE,1.838000,0.730000,0.000000,WIR006,12.100000,1270.000000,
JW000000000124,AMNS HR PLATE 12.4X1250XCTL  WIR006,HR Coil,1. SAIL HR,45,JOB WORK WAREHOUSE,0.746000,0.000000,0.000000,WIR006,12.400000,1250.000000,
RDU000000000117,JSW HR  BLANKS/FLATS 12.4X1550 SCRAP  WIR025,HR Coil,1. SAIL HR,45,JOB WORK WAREHOUSE,0.732000,1.551000,0.000000,WIR025,12.400000,1550.000000,
RDU000000000187,JSW HR  BLANKS/FLATS 16X1210 SCRAP  WIR006,HR Coil,1. SAIL HR,45,JOB WORK WAREHOUSE,0.678000,0.000000,0.000000,WIR006,16.000000,1190.000000,
RDU000000000109,JSW HR  BLANKS/FLATS 16X1190 SCRAP  WIR006,HR Coil,1. SAIL HR,45,JOB WORK WAREHOUSE,0.374000,0.000000,0.000000,WIR006,16.000000,1190.000000,
RDU000000000188,WUHAN HR PRIME BLANKS/FLATS 12.1X244X3755 WIR006,HR Coil,1. SAIL HR,45,JOB WORK WAREHOUSE,0.182000,0.380000,0.000000,WIR006,12.100000,244.000000,3755.000000
JW000000000166,AMNS HR PLATE 18.8X1260XCTL WIR006,HR Coil,1. SAIL HR,45,JOB WORK WAREHOUSE,0.117000,0.000000,0.000000,WIR006,18.800000,1260.000000,
JW000000000081,JSW HR PLATE 14.3X1550XCTL WIR025,HR Coil,1. SAIL HR,45,JOB WORK WAREHOUSE,0.100000,0.000000,0.000000,WIR025,14.300000,1550.000000,
RDU000000000181,WUHAN HR  BLANKS/FLATS 14.3X1190 SCRAP  WIR006,HR Coil,1. SAIL HR,45,JOB WORK WAREHOUSE,0.095000,0.609000,0.000000,WIR006,14.300000,1190.000000,
RDU000000000168,HYUNDAI HR  BLANKS/FLATS 14.3X1240 SCRAP  WIR006,HR Coil,1. SAIL HR,45,JOB WORK WAREHOUSE,0.081000,0.000000,0.000000,WIR006,14.300000,1240.000000,
RDU000000000070,HYUNDAI HR  BLANKS/FLATS 12.4X1250 SCRAP  WIR006,HR Coil,1. SAIL HR,45,JOB WORK WAREHOUSE,0.031000,0.098000,0.000000,WIR006,12.400000,1250.000000,
CUS000000000603,RED SEAL PATTI CLIP,Consumables,9. CONSUMABLES,46,Consumables,2987.000000,0.000000,0.000000,,0.000000,0.000000,0.000000
CUS000000000235,PATTICLIP,Consumables,9. CONSUMABLES,46,Consumables,2000.000000,0.000000,0.000000,,0.000000,0.000000,0.000000
CUS000000000857,"CR COIL 32"" 1MM THICKNESS PUTTY ROLE",Consumables,9. CONSUMABLES,46,Consumables,1076.000000,0.000000,0.000000,,0.000000,0.000000,0.000000
CUS000000000838,MAK HYDROL AW 68,Consumables,9. CONSUMABLES,46,Consumables,1050.000000,0.000000,0.000000,,0.000000,0.000000,0.000000
CUS000000000869,GASOUS  OXYGEN,Consumables,9. CONSUMABLES,46,Consumables,388.000000,0.000000,0.000000,,0.000000,0.000000,0.000000
CUS000000000777,1.5SQMM 7CRORE CABLE,Consumables,9. CONSUMABLES,46,Consumables,230.000000,0.000000,0.000000,,0.000000,0.000000,0.000000
CUS000000000776,1.5SQMM 12CRORE CABLE,Consumables,9. CONSUMABLES,46,Consumables,199.000000,0.000000,0.000000,,0.000000,0.000000,0.000000
CUS000000000780,4SQMM 4CRORE CABLE,Consumables,9. CONSUMABLES,46,Consumables,180.000000,0.000000,0.000000,,0.000000,0.000000,0.000000
CUS000000000661,PLAIN WASHER  M16,Consumables,9. CONSUMABLES,46,Consumables,164.000000,0.000000,0.000000,,0.000000,0.000000,0.000000
CUS000000000779,0.5SQMM 8CRORE CABLE,Consumables,9. CONSUMABLES,46,Consumables,150.000000,0.000000,0.000000,,0.000000,0.000000,0.000000
CUS000000000442,COTTON GLOVES,Consumables,9. CONSUMABLES,46,Consumables,135.000000,0.000000,0.000000,,0.000000,0.000000,0.000000
CUS000000000934,PLAINWASHER M8,Consumables,9. CONSUMABLES,46,Consumables,122.000000,0.000000,0.000000,,0.000000,0.000000,0.000000
CUS000000000775,10SQMM 4CRORE CABLE,Consumables,9. CONSUMABLES,46,Consumables,116.000000,0.000000,0.000000,,0.000000,0.000000,0.000000
CUS000000000705,PLAIN WASHER  M12,Consumables,9. CONSUMABLES,46,Consumables,115.000000,0.000000,0.000000,,0.000000,0.000000,0.000000
CUS000000001032,HDPE TARPAULIN,Consumables,9. CONSUMABLES,46,Consumables,111.400000,0.000000,0.000000,,0.000000,0.000000,0.000000
CUS000000000706,SPRING WAHER  M12,Consumables,9. CONSUMABLES,46,Consumables,100.000000,0.000000,0.000000,,0.000000,0.000000,0.000000
CUS000000000496,BANIYAN WASTE,Consumables,9. CONSUMABLES,46,Consumables,100.000000,0.000000,0.000000,,0.000000,0.000000,0.000000
CUS000000000161,HEX NUT 8,Consumables,9. CONSUMABLES,46,Consumables,100.000000,0.000000,0.000000,,0.000000,0.000000,0.000000
CUS000000000783,4SQMM 3CRORE CABLE,Consumables,9. CONSUMABLES,46,Consumables,100.000000,0.000000,0.000000,,0.000000,0.000000,0.000000
CUS000000000778,1.5SQMM 5CRORE CABLE,Consumables,9. CONSUMABLES,46,Consumables,98.000000,0.000000,0.000000,,0.000000,0.000000,0.000000
CUS000000000444,EAR PLUG,Consumables,9. CONSUMABLES,46,Consumables,94.000000,0.000000,0.000000,,0.000000,0.000000,0.000000
CUS000000000867,"BUFFING WHEEL 4""",Consumables,9. CONSUMABLES,46,Consumables,90.000000,0.000000,0.000000,,0.000000,0.000000,0.000000
CUS000000000754,"""MALE STUD ELBOW  1/2""""X16MM""",Consumables,9. CONSUMABLES,46,Consumables,84.000000,0.000000,0.000000,,0.000000,0.000000,0.000000
CUS000000000585,GLOVES,Consumables,9. CONSUMABLES,46,Consumables,76.000000,0.000000,0.000000,,0.000000,0.000000,0.000000
CUS000000000299,HEX NUT  16,Consumables,9. CONSUMABLES,46,Consumables,60.000000,0.000000,0.000000,,0.000000,0.000000,0.000000
CUS000000000728,ORING CORD  6MM,Consumables,9. CONSUMABLES,46,Consumables,57.000000,0.000000,0.000000,,0.000000,0.000000,0.000000
CUS000000000931,"CUTTING WHEEL 4""",Consumables,9. CONSUMABLES,46,Consumables,51.000000,0.000000,0.000000,,0.000000,0.000000,0.000000
CUS000000000930,ALUMINIUM  RIVET,Consumables,9. CONSUMABLES,46,Consumables,50.000000,0.000000,0.000000,,0.000000,0.000000,0.000000
CUS000000001026,"CUTTING WHEEL 5""",Consumables,9. CONSUMABLES,46,Consumables,50.000000,0.000000,0.000000,,0.000000,0.000000,0.000000
CUS000000001052,CSK ALLEN BOLT  M16X140L,Consumables,9. CONSUMABLES,46,Consumables,50.000000,0.000000,0.000000,,0.000000,0.000000,0.000000
CUS000000000711,HEX BOLT  M12X40L,Consumables,9. CONSUMABLES,46,Consumables,50.000000,0.000000,0.000000,,0.000000,0.000000,0.000000
CUS000000000487,OLFLEX 100 2X1.50,Consumables,9. CONSUMABLES,46,Consumables,50.000000,0.000000,0.000000,,0.000000,0.000000,0.000000
CUS000000000722,ORING  76X3MM,Consumables,9. CONSUMABLES,46,Consumables,48.000000,0.000000,0.000000,,0.000000,0.000000,0.000000
CUS000000000865,"GRINDING WHEEL 4""",Consumables,9. CONSUMABLES,46,Consumables,43.000000,0.000000,0.000000,,0.000000,0.000000,0.000000
CUS000000000654,HEX BOLT  M10X50L,Consumables,9. CONSUMABLES,46,Consumables,43.000000,0.000000,0.000000,,0.000000,0.000000,0.000000
CUS000000000662,HEX BOLT  M10X40L,Consumables,9. CONSUMABLES,46,Consumables,41.000000,0.000000,0.000000,,0.000000,0.000000,0.000000
CUS000000000687,NUT  M16,Consumables,9. CONSUMABLES,46,Consumables,41.000000,0.000000,0.000000,,0.000000,0.000000,0.000000
CUS000000000665,HEX BOLT  M5X30L,Consumables,9. CONSUMABLES,46,Consumables,40.000000,0.000000,0.000000,,0.000000,0.000000,0.000000
CUS000000000684,HEX BOLT  M16X100L,Consumables,9. CONSUMABLES,46,Consumables,38.000000,0.000000,0.000000,,0.000000,0.000000,0.000000
CUS000000000879,HEX NUT M24,Consumables,9. CONSUMABLES,46,Consumables,38.000000,0.000000,0.000000,,0.000000,0.000000,0.000000
CUS000000000364,SOCK,Consumables,9. CONSUMABLES,46,Consumables,36.000000,0.000000,0.000000,,0.000000,0.000000,0.000000
CUS000000000022,BATTERY AAA,Consumables,9. CONSUMABLES,46,Consumables,34.000000,0.000000,0.000000,,0.000000,0.000000,0.000000
CUS000000000694,HEX BOLT  M16X40L,Consumables,9. CONSUMABLES,46,Consumables,34.000000,0.000000,0.000000,,0.000000,0.000000,0.000000
CUS000000000897,MAK MP3 GREASE,Consumables,9. CONSUMABLES,46,Consumables,34.000000,0.000000,0.000000,,0.000000,0.000000,0.000000
CUS000000000696,NUT  M30,Consumables,9. CONSUMABLES,46,Consumables,33.000000,0.000000,0.000000,,0.000000,0.000000,0.000000
CUS000000000125,SPRAY PAINT YELLOW,Consumables,9. CONSUMABLES,46,Consumables,33.000000,0.000000,0.000000,,0.000000,0.000000,0.000000
CUS000000000479,O RING 27X2.5MM,Consumables,9. CONSUMABLES,46,Consumables,30.000000,0.000000,0.000000,,0.000000,0.000000,0.000000
CUS000000000664,NUT  M5,Consumables,9. CONSUMABLES,46,Consumables,30.000000,0.000000,0.000000,,0.000000,0.000000,0.000000
CUS000000001044,WELD SAFETY BLACK GLASS 11,Consumables,9. CONSUMABLES,46,Consumables,30.000000,0.000000,0.000000,,0.000000,0.000000,0.000000
CUS000000000923,12MM CHAIN 5 MTR,Consumables,9. CONSUMABLES,46,Consumables,30.000000,0.000000,0.000000,,0.000000,0.000000,0.000000
CUS000000000963,O RING 58X4,Consumables,9. CONSUMABLES,46,Consumables,30.000000,0.000000,0.000000,,0.000000,0.000000,0.000000
CUS000000000980,ALLEN BOLT  M10X50L,Consumables,9. CONSUMABLES,46,Consumables,30.000000,0.000000,0.000000,,0.000000,0.000000,0.000000
CUS000000000981,ALLEN BOLT  M10X60L,Consumables,9. CONSUMABLES,46,Consumables,30.000000,0.000000,0.000000,,0.000000,0.000000,0.000000
CUS000000000995,ALLEN BOLT  M16X50L,Consumables,9. CONSUMABLES,46,Consumables,30.000000,0.000000,0.000000,,0.000000,0.000000,0.000000
CUS000000000656,PLAIN WASHER  M10,Consumables,9. CONSUMABLES,46,Consumables,29.000000,0.000000,0.000000,,0.000000,0.000000,0.000000
CUS000000000611,M5x16 A/CAP SCREW UNBRAKO,Consumables,9. CONSUMABLES,46,Consumables,29.000000,0.000000,0.000000,,0.000000,0.000000,0.000000
CUS000000000477,O RING 8X2MM,Consumables,9. CONSUMABLES,46,Consumables,29.000000,0.000000,0.000000,,0.000000,0.000000,0.000000
CUS000000000478,O RING 21X2.5MM,Consumables,9. CONSUMABLES,46,Consumables,29.000000,0.000000,0.000000,,0.000000,0.000000,0.000000
CUS000000000688,ALLEN BOLT  M10X40L,Consumables,9. CONSUMABLES,46,Consumables,28.000000,0.000000,0.000000,,0.000000,0.000000,0.000000
CUS000000000956,HEX BOLT  M10X30L,Consumables,9. CONSUMABLES,46,Consumables,28.000000,0.000000,0.000000,,0.000000,0.000000,0.000000
CUS000000000683,PLAIN WASHER  M14,Consumables,9. CONSUMABLES,46,Consumables,27.000000,0.000000,0.000000,,0.000000,0.000000,0.000000
CUS000000000667,HEX BOLT  M6X50L,Consumables,9. CONSUMABLES,46,Consumables,26.000000,0.000000,0.000000,,0.000000,0.000000,0.000000
CUS000000000734,"""DOUTY SEAL  3/8""""BSP""",Consumables,9. CONSUMABLES,46,Consumables,25.000000,0.000000,0.000000,,0.000000,0.000000,0.000000
CUS000000000958,HEX BOLT  M8X30L,Consumables,9. CONSUMABLES,46,Consumables,25.000000,0.000000,0.000000,,0.000000,0.000000,0.000000
CUS000000001045,WELD SAFETY WHITE GLASS,Consumables,9. CONSUMABLES,46,Consumables,25.000000,0.000000,0.000000,,0.000000,0.000000,0.000000
CUS000000001014,10MM CHAIN 6 METER,Consumables,9. CONSUMABLES,46,Consumables,24.000000,0.000000,0.000000,,0.000000,0.000000,0.000000
CUS000000001068,ALLEN BOLT M6 X 45LG,Consumables,9. CONSUMABLES,46,Consumables,24.000000,0.000000,0.000000,,0.000000,0.000000,0.000000
CUS000000001069,ALLEN BOLT M6 X 25LG,Consumables,9. CONSUMABLES,46,Consumables,24.000000,0.000000,0.000000,,0.000000,0.000000,0.000000
CUS000000001070,ALLEN BOLT M8 X 40LG,Consumables,9. CONSUMABLES,46,Consumables,24.000000,0.000000,0.000000,,0.000000,0.000000,0.000000
CUS000000000985,O RING 29X3.5MM,Consumables,9. CONSUMABLES,46,Consumables,24.000000,0.000000,0.000000,,0.000000,0.000000,0.000000
CUS000000001083,M6x45 A/CAP SCREW UNBRAKO,Consumables,9. CONSUMABLES,46,Consumables,24.000000,0.000000,0.000000,,0.000000,0.000000,0.000000
CUS000000001084,M6x25 A/CAP SCREW UNBRAKO,Consumables,9. CONSUMABLES,46,Consumables,24.000000,0.000000,0.000000,,0.000000,0.000000,0.000000
CUS000000001085,M8x40 A/CAP SCREW UNBRAKO,Consumables,9. CONSUMABLES,46,Consumables,24.000000,0.000000,0.000000,,0.000000,0.000000,0.000000
CUS000000000717,ORING  21X2.5,Consumables,9. CONSUMABLES,46,Consumables,24.000000,0.000000,0.000000,,0.000000,0.000000,0.000000
CUS000000000079,ALLEN  BOLT M5X15LG,Consumables,9. CONSUMABLES,46,Consumables,24.000000,0.000000,0.000000,,0.000000,0.000000,0.000000
CUS000000000369,SAFETY MASK YELLOW,Consumables,9. CONSUMABLES,46,Consumables,23.000000,0.000000,0.000000,,0.000000,0.000000,0.000000
CUS000000000480,O RING 25X3.5MM,Consumables,9. CONSUMABLES,46,Consumables,23.000000,0.000000,0.000000,,0.000000,0.000000,0.000000
CUS000000000689,SPRING WAHER  M16,Consumables,9. CONSUMABLES,46,Consumables,23.000000,0.000000,0.000000,,0.000000,0.000000,0.000000
CUS000000000685,HEX BOLT  M16X60L,Consumables,9. CONSUMABLES,46,Consumables,23.000000,0.000000,0.000000,,0.000000,0.000000,0.000000
CUS000000000714,HEX BOLT  M14X65,Consumables,9. CONSUMABLES,46,Consumables,23.000000,0.000000,0.000000,,0.000000,0.000000,0.000000
CUS000000000715,ORING  25X3.5,Consumables,9. CONSUMABLES,46,Consumables,23.000000,0.000000,0.000000,,0.000000,0.000000,0.000000
CUS000000000877,NYLOCK NUT M10,Consumables,9. CONSUMABLES,46,Consumables,23.000000,0.000000,0.000000,,0.000000,0.000000,0.000000
CUS000000000856,HEX BOLT M16X120L,Consumables,9. CONSUMABLES,46,Consumables,23.000000,0.000000,0.000000,,0.000000,0.000000,0.000000
CUS000000000888,INTERNAL CIRCLIP  B110,Consumables,9. CONSUMABLES,46,Consumables,23.000000,0.000000,0.000000,,0.000000,0.000000,0.000000
CUS000000000704,NUT  M12,Consumables,9. CONSUMABLES,46,Consumables,22.000000,0.000000,0.000000,,0.000000,0.000000,0.000000
CUS000000000124,SPRAY PAINT ISUZU BLUE (LIGHT BLUE),Consumables,9. CONSUMABLES,46,Consumables,21.000000,0.000000,0.000000,,0.000000,0.000000,0.000000
CUS000000000770,PVC CLAMP  25MM,Consumables,9. CONSUMABLES,46,Consumables,21.000000,0.000000,0.000000,,0.000000,0.000000,0.000000
CUS000000000732,"""DOUTY SEAL  1""""BSP""",Consumables,9. CONSUMABLES,46,Consumables,20.000000,0.000000,0.000000,,0.000000,0.000000,0.000000
CUS000000000854,CSK BOLT M8X30L,Consumables,9. CONSUMABLES,46,Consumables,20.000000,0.000000,0.000000,,0.000000,0.000000,0.000000
CUS000000000852,CSK BOLT M10X30L,Consumables,9. CONSUMABLES,46,Consumables,20.000000,0.000000,0.000000,,0.000000,0.000000,0.000000
CUS000000000702,SPRING WAHER  M24,Consumables,9. CONSUMABLES,46,Consumables,20.000000,0.000000,0.000000,,0.000000,0.000000,0.000000
CUS000000000690,SPRING WAHER  M14,Consumables,9. CONSUMABLES,46,Consumables,20.000000,0.000000,0.000000,,0.000000,0.000000,0.000000
CUS000000000670,PLAIN WASHER  M5,Consumables,9. CONSUMABLES,46,Consumables,20.000000,0.000000,0.000000,,0.000000,0.000000,0.000000
CUS000000000619,U SEAL 60X70X6,Consumables,9. CONSUMABLES,46,Consumables,20.000000,0.000000,0.000000,,0.000000,0.000000,0.000000
CUS000000000653,HEX BOLT  M14X40L,Consumables,9. CONSUMABLES,46,Consumables,20.000000,0.000000,0.000000,,0.000000,0.000000,0.000000
CUS000000000957,HEX BOLT  M8X20L,Consumables,9. CONSUMABLES,46,Consumables,20.000000,0.000000,0.000000,,0.000000,0.000000,0.000000
CUS000000000945,TENSION SPRING 60MM X 9.0 OD X 1MM,Consumables,9. CONSUMABLES,46,Consumables,20.000000,0.000000,0.000000,,0.000000,0.000000,0.000000
CUS000000000946,COMPRESSION SPRING 94MM X2.06 OD X 2.6MM,Consumables,9. CONSUMABLES,46,Consumables,20.000000,0.000000,0.000000,,0.000000,0.000000,0.000000
CUS000000001024,DISTILLED WATER,Consumables,9. CONSUMABLES,46,Consumables,20.000000,0.000000,0.000000,,0.000000,0.000000,0.000000
CUS000000001013,10MM CHAIN 5 METER,Consumables,9. CONSUMABLES,46,Consumables,20.000000,0.000000,0.000000,,0.000000,0.000000,0.000000
CUS000000001040,COPPER FLAT,Consumables,9. CONSUMABLES,46,Consumables,19.950000,0.000000,0.000000,,0.000000,0.000000,0.000000
CUS000000000870,M20 SPRING WASHER,Consumables,9. CONSUMABLES,46,Consumables,19.000000,0.000000,0.000000,,0.000000,0.000000,0.000000
CUS000000000851,CSK BOLT M10X40L,Consumables,9. CONSUMABLES,46,Consumables,18.000000,0.000000,0.000000,,0.000000,0.000000,0.000000
CUS000000000978,O RING 24X3.5MM,Consumables,9. CONSUMABLES,46,Consumables,18.000000,0.000000,0.000000,,0.000000,0.000000,0.000000
CUS000000000971,DISSOLVED OXYGEN,Consumables,9. CONSUMABLES,46,Consumables,17.570000,0.000000,0.000000,,0.000000,0.000000,0.000000
CUS000000000866,"GRINDING WHEEL 5""",Consumables,9. CONSUMABLES,46,Consumables,17.000000,0.000000,0.000000,,0.000000,0.000000,0.000000
CUS000000000663,HEX BOLT  M5X50L,Consumables,9. CONSUMABLES,46,Consumables,17.000000,0.000000,0.000000,,0.000000,0.000000,0.000000
CUS000000000658,HEX BOLT  M12X50L,Consumables,9. CONSUMABLES,46,Consumables,16.000000,0.000000,0.000000,,0.000000,0.000000,0.000000
CUS000000000578,BLADE TMT M/C,Consumables,9. CONSUMABLES,46,Consumables,16.000000,0.000000,0.000000,,0.000000,0.000000,0.000000
CUS000000000671,HEX BOLT  M8X40L,Consumables,9. CONSUMABLES,46,Consumables,16.000000,0.000000,0.000000,,0.000000,0.000000,0.000000
CUS000000000673,SPRING WAHER  M8,Consumables,9. CONSUMABLES,46,Consumables,16.000000,0.000000,0.000000,,0.000000,0.000000,0.000000
CUS000000000692,SPRING WAHER  M20,Consumables,9. CONSUMABLES,46,Consumables,16.000000,0.000000,0.000000,,0.000000,0.000000,0.000000
CUS000000000128,SPRAY PAINT WHITE,Consumables,9. CONSUMABLES,46,Consumables,16.000000,0.000000,0.000000,,0.000000,0.000000,0.000000
CUS000000000849,CSK BOLT M12X40L,Consumables,9. CONSUMABLES,46,Consumables,16.000000,0.000000,0.000000,,0.000000,0.000000,0.000000
CUS000000000733,"""DOUTY SEAL  1/2"""" BSP""",Consumables,9. CONSUMABLES,46,Consumables,16.000000,0.000000,0.000000,,0.000000,0.000000,0.000000
CUS000000000716,ORING  27X2.5,Consumables,9. CONSUMABLES,46,Consumables,16.000000,0.000000,0.000000,,0.000000,0.000000,0.000000
CUS000000000738,ALLEN BOLT  M5X98L,Consumables,9. CONSUMABLES,46,Consumables,16.000000,0.000000,0.000000,,0.000000,0.000000,0.000000
CUS000000000938,NUT & NIPPLE FOR O2 LPG PUG,Consumables,9. CONSUMABLES,46,Consumables,16.000000,0.000000,0.000000,,0.000000,0.000000,0.000000
CUS000000000994,ALLEN BOLT  M16X40L,Consumables,9. CONSUMABLES,46,Consumables,16.000000,0.000000,0.000000,,0.000000,0.000000,0.000000
CUS000000000920,8MM CHAIN 5MTR,Consumables,9. CONSUMABLES,46,Consumables,15.000000,0.000000,0.000000,,0.000000,0.000000,0.000000
CUS000000000850,CSK BOLT M12X30L,Consumables,9. CONSUMABLES,46,Consumables,15.000000,0.000000,0.000000,,0.000000,0.000000,0.000000
CUS000000000853,CSK BOLT M8X40L,Consumables,9. CONSUMABLES,46,Consumables,15.000000,0.000000,0.000000,,0.000000,0.000000,0.000000
CUS000000000878,NYLOCK NUT M8,Consumables,9. CONSUMABLES,46,Consumables,15.000000,0.000000,0.000000,,0.000000,0.000000,0.000000
CUS000000000886,INTERNAL CIRCLIP A 40,Consumables,9. CONSUMABLES,46,Consumables,15.000000,0.000000,0.000000,,0.000000,0.000000,0.000000
CUS000000000454,BUNKERCOT WITH TWO SELF 6X2.5 FEET,Consumables,9. CONSUMABLES,46,Consumables,15.000000,0.000000,0.000000,,0.000000,0.000000,0.000000
CUS000000000677,CSK ALLEN BOLT  M20X150L,Consumables,9. CONSUMABLES,46,Consumables,15.000000,0.000000,0.000000,,0.000000,0.000000,0.000000
CUS000000000686,NYLOCK NUT  M20,Consumables,9. CONSUMABLES,46,Consumables,14.000000,0.000000,0.000000,,0.000000,0.000000,0.000000
CUS000000000679,ALLEN BOLT  M30X90L,Consumables,9. CONSUMABLES,46,Consumables,13.000000,0.000000,0.000000,,0.000000,0.000000,0.000000
CUS000000000592,ADOR WELDING ROD SUPABASE 3.15MM,Consumables,9. CONSUMABLES,46,Consumables,13.000000,0.000000,0.000000,,0.000000,0.000000,0.000000
CUS000000000666,HEX BOLT  M6X30L,Consumables,9. CONSUMABLES,46,Consumables,13.000000,0.000000,0.000000,,0.000000,0.000000,0.000000
CUS000000000465,HOSE CLIP,Consumables,9. CONSUMABLES,46,Consumables,13.000000,0.000000,0.000000,,0.000000,0.000000,0.000000
CUS000000000744,EQUAL ELBOW  16MM WITH WELDING NIPPL,Consumables,9. CONSUMABLES,46,Consumables,13.000000,0.000000,0.000000,,0.000000,0.000000,0.000000
CUS000000000762,EQUAL TEE  30MM WITH WELDING NIPPL,Consumables,9. CONSUMABLES,46,Consumables,13.000000,0.000000,0.000000,,0.000000,0.000000,0.000000
CUS000000000763,EQUAL TEE  25MM WITH WELDING NIPPL,Consumables,9. CONSUMABLES,46,Consumables,13.000000,0.000000,0.000000,,0.000000,0.000000,0.000000
CUS000000000773,TMT ROLLER SHAFT,Consumables,9. CONSUMABLES,46,Consumables,12.000000,0.000000,0.000000,,0.000000,0.000000,0.000000
CUS000000000740,ALLEN BOLT  M5X138L,Consumables,9. CONSUMABLES,46,Consumables,12.000000,0.000000,0.000000,,0.000000,0.000000,0.000000
CUS000000000873,HEX BOLT M10X75L,Consumables,9. CONSUMABLES,46,Consumables,12.000000,0.000000,0.000000,,0.000000,0.000000,0.000000
CUS000000000815,120V RELA,Consumables,9. CONSUMABLES,46,Consumables,12.000000,0.000000,0.000000,,0.000000,0.000000,0.000000
CUS000000000474,"3/4""COPPER WASHER",Consumables,9. CONSUMABLES,46,Consumables,12.000000,0.000000,0.000000,,0.000000,0.000000,0.000000
CUS000000000475,"3/4"" BONDED WASHER",Consumables,9. CONSUMABLES,46,Consumables,12.000000,0.000000,0.000000,,0.000000,0.000000,0.000000
CUS000000000633,BEARINGS 63008ZZ NSK,Consumables,9. CONSUMABLES,46,Consumables,12.000000,0.000000,0.000000,,0.000000,0.000000,0.000000
CUS000000000610,SPONGE PINK,Consumables,9. CONSUMABLES,46,Consumables,12.000000,0.000000,0.000000,,0.000000,0.000000,0.000000
CUS000000000693,HEX BOLT  M12X20L,Consumables,9. CONSUMABLES,46,Consumables,12.000000,0.000000,0.000000,,0.000000,0.000000,0.000000
CUS000000000703,HEX BOLT  M8X80L,Consumables,9. CONSUMABLES,46,Consumables,12.000000,0.000000,0.000000,,0.000000,0.000000,0.000000
CUS000000000993,O RING 25X4,Consumables,9. CONSUMABLES,46,Consumables,12.000000,0.000000,0.000000,,0.000000,0.000000,0.000000
CUS000000001030,O RING 15.5X2 VIT,Consumables,9. CONSUMABLES,46,Consumables,12.000000,0.000000,0.000000,,0.000000,0.000000,0.000000
CUS000000001031,O RING 9X2,Consumables,9. CONSUMABLES,46,Consumables,12.000000,0.000000,0.000000,,0.000000,0.000000,0.000000
CUS000000001029,O RING 34.52X3.53 VIT,Consumables,9. CONSUMABLES,46,Consumables,11.000000,0.000000,0.000000,,0.000000,0.000000,0.000000
CUS000000000932,SPRAY PAINT RED COLOUR,Consumables,9. CONSUMABLES,46,Consumables,11.000000,0.000000,0.000000,,0.000000,0.000000,0.000000
CUS000000000949,"CHAIN CONNECTING FULL LINK 3/4""",Consumables,9. CONSUMABLES,46,Consumables,11.000000,0.000000,0.000000,,0.000000,0.000000,0.000000
CUS000000000950,"CHAIN CONNECTING HALF LINK 3/4""",Consumables,9. CONSUMABLES,46,Consumables,11.000000,0.000000,0.000000,,0.000000,0.000000,0.000000
CUS000000000712,NUT  M14,Consumables,9. CONSUMABLES,46,Consumables,11.000000,0.000000,0.000000,,0.000000,0.000000,0.000000
CUS000000000772,ELCOM- 16A 3P PLUG (IP44),Consumables,9. CONSUMABLES,46,Consumables,11.000000,0.000000,0.000000,,0.000000,0.000000,0.000000
CUS000000000797,HRC FUSE LINK 100A,Consumables,9. CONSUMABLES,46,Consumables,10.000000,0.000000,0.000000,,0.000000,0.000000,0.000000
CUS000000000769,PVC CLAMP  30MM,Consumables,9. CONSUMABLES,46,Consumables,10.000000,0.000000,0.000000,,0.000000,0.000000,0.000000
CUS000000000760,TROLLY WHEEL 6'' SWIVEL,Consumables,9. CONSUMABLES,46,Consumables,10.000000,0.000000,0.000000,,0.000000,0.000000,0.000000
CUS000000000739,ALLEN BOLT  M5X125L,Consumables,9. CONSUMABLES,46,Consumables,10.000000,0.000000,0.000000,,0.000000,0.000000,0.000000
CUS000000000816,24V RELA,Consumables,9. CONSUMABLES,46,Consumables,10.000000,0.000000,0.000000,,0.000000,0.000000,0.000000
CUS000000000845,STEEL TAP,Consumables,9. CONSUMABLES,46,Consumables,10.000000,0.000000,0.000000,,0.000000,0.000000,0.000000
CUS000000000846,24V RELAY BASE,Consumables,9. CONSUMABLES,46,Consumables,10.000000,0.000000,0.000000,,0.000000,0.000000,0.000000
CUS000000000842,BEARING 6204ZZCM NSK,Consumables,9. CONSUMABLES,46,Consumables,10.000000,0.000000,0.000000,,0.000000,0.000000,0.000000
CUS000000000651,CSK BOLTM20X180L,Consumables,9. CONSUMABLES,46,Consumables,10.000000,0.000000,0.000000,,0.000000,0.000000,0.000000
CUS000000000652,CSK BOLT  M20X120L,Consumables,9. CONSUMABLES,46,Consumables,10.000000,0.000000,0.000000,,0.000000,0.000000,0.000000
CUS000000000522,"BSP CONNECTOR 1/2"" X 1/2""",Consumables,9. CONSUMABLES,46,Consumables,10.000000,0.000000,0.000000,,0.000000,0.000000,0.000000
CUS000000000523,"BSP CONNECTOR 3/4"" X 1/2""",Consumables,9. CONSUMABLES,46,Consumables,10.000000,0.000000,0.000000,,0.000000,0.000000,0.000000
CUS000000000515,SOLENOID PLUG 220V,Consumables,9. CONSUMABLES,46,Consumables,10.000000,0.000000,0.000000,,0.000000,0.000000,0.000000
CUS000000000516,SOLENOID PLUG 24V,Consumables,9. CONSUMABLES,46,Consumables,10.000000,0.000000,0.000000,,0.000000,0.000000,0.000000
CUS000000000126,SPRAY PAINT SHIFENG BLUE (DARK BLUE),Consumables,9. CONSUMABLES,46,Consumables,10.000000,0.000000,0.000000,,0.000000,0.000000,0.000000
CUS000000000432,OIL SEAL 45X62X12,Consumables,9. CONSUMABLES,46,Consumables,10.000000,0.000000,0.000000,,0.000000,0.000000,0.000000
CUS000000000944,TENSION SPRING 260MM X12.7 OD X 2MM,Consumables,9. CONSUMABLES,46,Consumables,10.000000,0.000000,0.000000,,0.000000,0.000000,0.000000
CUS000000000933,HEX BOLT M10 X20L,Consumables,9. CONSUMABLES,46,Consumables,10.000000,0.000000,0.000000,,0.000000,0.000000,0.000000
CUS000000000925,12 MM CONNECTOR LINK,Consumables,9. CONSUMABLES,46,Consumables,10.000000,0.000000,0.000000,,0.000000,0.000000,0.000000
CUS000000001009,CYLINDER KEY,Consumables,9. CONSUMABLES,46,Consumables,10.000000,0.000000,0.000000,,0.000000,0.000000,0.000000
CUS000000001066,CSK ALLEN BOLT  M16X150LG,Consumables,9. CONSUMABLES,46,Consumables,10.000000,0.000000,0.000000,,0.000000,0.000000,0.000000
CUS000000000657,SPRING WAHER  M10,Consumables,9. CONSUMABLES,46,Consumables,9.000000,0.000000,0.000000,,0.000000,0.000000,0.000000
CUS000000000695,SPRING WAHER  M30,Consumables,9. CONSUMABLES,46,Consumables,9.000000,0.000000,0.000000,,0.000000,0.000000,0.000000
CUS000000000835,20A SINGLE POLE BEARKER MCB,Consumables,9. CONSUMABLES,46,Consumables,9.000000,0.000000,0.000000,,0.000000,0.000000,0.000000
CUS000000000817,220-240V RELA,Consumables,9. CONSUMABLES,46,Consumables,9.000000,0.000000,0.000000,,0.000000,0.000000,0.000000
CUS000000000874,HEX BOLT M14X60L,Consumables,9. CONSUMABLES,46,Consumables,9.000000,0.000000,0.000000,,0.000000,0.000000,0.000000
CUS000000000903,"CHAIN CONNECTING FULL LINK 1 1/2""",Consumables,9. CONSUMABLES,46,Consumables,9.000000,0.000000,0.000000,,0.000000,0.000000,0.000000
CUS000000000904,"CHAIN CONNECTING HALF LINK 1 1/2""",Consumables,9. CONSUMABLES,46,Consumables,9.000000,0.000000,0.000000,,0.000000,0.000000,0.000000
CUS000000000749,"""REDUCER  1/4""""X1/8""""BSP""",Consumables,9. CONSUMABLES,46,Consumables,9.000000,0.000000,0.000000,,0.000000,0.000000,0.000000
CUS000000000759,"""PU CONNECTOR  3/8""""BSPX 12""",Consumables,9. CONSUMABLES,46,Consumables,9.000000,0.000000,0.000000,,0.000000,0.000000,0.000000
CUS000000000774,1.6SQMM 4CRORE CABLE,Consumables,9. CONSUMABLES,46,Consumables,9.000000,0.000000,0.000000,,0.000000,0.000000,0.000000
CUS000000000800,HRC FUSE LINK50A,Consumables,9. CONSUMABLES,46,Consumables,8.000000,0.000000,0.000000,,0.000000,0.000000,0.000000
CUS000000000743,EQUEL TEE  16MM WITH WELDING NIPPL,Consumables,9. CONSUMABLES,46,Consumables,8.000000,0.000000,0.000000,,0.000000,0.000000,0.000000
CUS000000000745,"""PLUG  3/4""""BSP""",Consumables,9. CONSUMABLES,46,Consumables,8.000000,0.000000,0.000000,,0.000000,0.000000,0.000000
CUS000000000746,"""PLUG  1/2""""BSP""",Consumables,9. CONSUMABLES,46,Consumables,8.000000,0.000000,0.000000,,0.000000,0.000000,0.000000
CUS000000000747,"""PLUG  3/8""""""",Consumables,9. CONSUMABLES,46,Consumables,8.000000,0.000000,0.000000,,0.000000,0.000000,0.000000
CUS000000000731,"""COPPER WASHER  1""""BSP""",Consumables,9. CONSUMABLES,46,Consumables,8.000000,0.000000,0.000000,,0.000000,0.000000,0.000000
CUS000000000884,HEX BOLT M24X170L,Consumables,9. CONSUMABLES,46,Consumables,8.000000,0.000000,0.000000,,0.000000,0.000000,0.000000
CUS000000000872,HEX BOLT M12X75L,Consumables,9. CONSUMABLES,46,Consumables,8.000000,0.000000,0.000000,,0.000000,0.000000,0.000000
CUS000000000819,PMYS DR8 10A RELA BASE,Consumables,9. CONSUMABLES,46,Consumables,8.000000,0.000000,0.000000,,0.000000,0.000000,0.000000
CUS000000000814,ON DELAY TIMER,Consumables,9. CONSUMABLES,46,Consumables,8.000000,0.000000,0.000000,,0.000000,0.000000,0.000000
CUS000000000701,ANCHOR BOLT  M20X200,Consumables,9. CONSUMABLES,46,Consumables,8.000000,0.000000,0.000000,,0.000000,0.000000,0.000000
CUS000000000660,HEX BOLT  M12X80L,Consumables,9. CONSUMABLES,46,Consumables,8.000000,0.000000,0.000000,,0.000000,0.000000,0.000000
CUS000000000524,10MM CONNTECTING LINK,Consumables,9. CONSUMABLES,46,Consumables,8.000000,0.000000,0.000000,,0.000000,0.000000,0.000000
CUS000000001005,DIE,Consumables,9. CONSUMABLES,46,Consumables,8.000000,0.000000,0.000000,,0.000000,0.000000,0.000000
CUS000000000974,TMT  SQUARE BLOCK 98MM,Consumables,9. CONSUMABLES,46,Consumables,8.000000,0.000000,0.000000,,0.000000,0.000000,0.000000
CUS000000001008,MEASURING TAP 7.5MM,Consumables,9. CONSUMABLES,46,Consumables,7.000000,0.000000,0.000000,,0.000000,0.000000,0.000000
CUS000000001058,NITROGEN GAS,Consumables,9. CONSUMABLES,46,Consumables,7.000000,0.000000,0.000000,,0.000000,0.000000,0.000000
CUS000000000503,TMT ROLLER 146 MM,Consumables,9. CONSUMABLES,46,Consumables,7.000000,0.000000,0.000000,,0.000000,0.000000,0.000000
CUS000000000433,O RING 120X4,Consumables,9. CONSUMABLES,46,Consumables,7.000000,0.000000,0.000000,,0.000000,0.000000,0.000000
CUS000000000434,O RING 123.42X3.53,Consumables,9. CONSUMABLES,46,Consumables,7.000000,0.000000,0.000000,,0.000000,0.000000,0.000000
CUS000000000345,BEARING UCP206 BMD,Consumables,9. CONSUMABLES,46,Consumables,7.000000,0.000000,0.000000,,0.000000,0.000000,0.000000
CUS000000000649,SAFETY HELMET REFILL,Consumables,9. CONSUMABLES,46,Consumables,7.000000,0.000000,0.000000,,0.000000,0.000000,0.000000
CUS000000000820,CL2-8104S LIMIT SWITCH,Consumables,9. CONSUMABLES,46,Consumables,7.000000,0.000000,0.000000,,0.000000,0.000000,0.000000
CUS000000000818,220 RELA,Consumables,9. CONSUMABLES,46,Consumables,7.000000,0.000000,0.000000,,0.000000,0.000000,0.000000
CUS000000000833,16A SINGLE POLE BEARKER MCB,Consumables,9. CONSUMABLES,46,Consumables,7.000000,0.000000,0.000000,,0.000000,0.000000,0.000000
CUS000000000863,19 KG CYLINDER LPG,Consumables,9. CONSUMABLES,46,Consumables,7.000000,0.000000,1.000000,,0.000000,0.000000,0.000000
CUS000000000719,ORING  12.42X3.5,Consumables,9. CONSUMABLES,46,Consumables,7.000000,0.000000,0.000000,,0.000000,0.000000,0.000000
CUS000000000713,NYLOCK NUT  M12,Consumables,9. CONSUMABLES,46,Consumables,7.000000,0.000000,0.000000,,0.000000,0.000000,0.000000
CUS000000000723,ORING  40X3MM,Consumables,9. CONSUMABLES,46,Consumables,6.000000,0.000000,0.000000,,0.000000,0.000000,0.000000
CUS000000000748,"""REDUCER  1/8""""MX1/4""""""",Consumables,9. CONSUMABLES,46,Consumables,6.000000,0.000000,0.000000,,0.000000,0.000000,0.000000
CUS000000000756,"""BRASS BALL VALUE  3/8""""""",Consumables,9. CONSUMABLES,46,Consumables,6.000000,0.000000,0.000000,,0.000000,0.000000,0.000000
CUS000000000880,TMT HALFROUND & L KEY,Consumables,9. CONSUMABLES,46,Consumables,6.000000,0.000000,0.000000,,0.000000,0.000000,0.000000
CUS000000000799,HRC FUSE LINK 63A,Consumables,9. CONSUMABLES,46,Consumables,6.000000,0.000000,0.000000,,0.000000,0.000000,0.000000
CUS000000000620,WIPER SEAL 60X74X6/11J,Consumables,9. CONSUMABLES,46,Consumables,6.000000,0.000000,0.000000,,0.000000,0.000000,0.000000
CUS000000000707,ALLEN BOLT  M20X260,Consumables,9. CONSUMABLES,46,Consumables,6.000000,0.000000,0.000000,,0.000000,0.000000,0.000000
CUS000000000680,ALLEN BOLT  M24X125L,Consumables,9. CONSUMABLES,46,Consumables,6.000000,0.000000,0.000000,,0.000000,0.000000,0.000000
CUS000000000362,SAFETY SHOE 9,Consumables,9. CONSUMABLES,46,Consumables,6.000000,0.000000,0.000000,,0.000000,0.000000,0.000000
CUS000000000577,ROUND SEAL 40X50X6,Consumables,9. CONSUMABLES,46,Consumables,6.000000,0.000000,0.000000,,0.000000,0.000000,0.000000
CUS000000000453,BUNKERCOT WITH TWO SELF 5.5X2.5 FEET,Consumables,9. CONSUMABLES,46,Consumables,6.000000,0.000000,0.000000,,0.000000,0.000000,0.000000
CUS000000001099,ELCOM 16A 3P SOCKET PANEL ST (IP44),Consumables,9. CONSUMABLES,46,Consumables,6.000000,0.000000,0.000000,,0.000000,0.000000,0.000000
CUS000000001028,O RING 15.5X1.5 VIT,Consumables,9. CONSUMABLES,46,Consumables,6.000000,0.000000,0.000000,,0.000000,0.000000,0.000000
CUS000000000972,TMT CAM PIN SHAFT LOCK PIN SET,Consumables,9. CONSUMABLES,46,Consumables,6.000000,0.000000,0.000000,,0.000000,0.000000,0.000000
CUS000000000973,TMT BLADE TIGHT CAME,Consumables,9. CONSUMABLES,46,Consumables,6.000000,0.000000,0.000000,,0.000000,0.000000,0.000000
CUS000000000990,U SEAL 53X63X6,Consumables,9. CONSUMABLES,46,Consumables,6.000000,0.000000,0.000000,,0.000000,0.000000,0.000000
CUS000000000991,U SEAL 45X53X8,Consumables,9. CONSUMABLES,46,Consumables,6.000000,0.000000,0.000000,,0.000000,0.000000,0.000000
CUS000000000953,OIL SEAL 50X70X10,Consumables,9. CONSUMABLES,46,Consumables,6.000000,0.000000,0.000000,,0.000000,0.000000,0.000000
CUS000000000941,TMT ROLLER SHAFT BORE 146MM,Consumables,9. CONSUMABLES,46,Consumables,6.000000,0.000000,0.000000,,0.000000,0.000000,0.000000
CUS000000001113,NYLON WHEEL 75X32,Consumables,9. CONSUMABLES,46,Consumables,6.000000,0.000000,0.000000,,0.000000,0.000000,0.000000
CUS000000000975,TMT SQUARE BLOCK 93MM,Consumables,9. CONSUMABLES,46,Consumables,5.000000,0.000000,0.000000,,0.000000,0.000000,0.000000
CUS000000000976,TMT SQUARE BLOCK 63MM,Consumables,9. CONSUMABLES,46,Consumables,5.000000,0.000000,0.000000,,0.000000,0.000000,0.000000
CUS000000001046,LD900 INK BOTTLE 1000ML,Consumables,9. CONSUMABLES,46,Consumables,5.000000,0.000000,0.000000,,0.000000,0.000000,0.000000
CUS000000001047,WL200 WASH BOTTLE 1000ML,Consumables,9. CONSUMABLES,46,Consumables,5.000000,0.000000,0.000000,,0.000000,0.000000,0.000000
CUS000000001073,6MM CONVEYOR ROLL OLD REWORK OD MACHININING,Consumables,9. CONSUMABLES,46,Consumables,5.000000,0.000000,1.000000,,0.000000,0.000000,0.000000
CUS000000001078,MEASUREMENT TAPE 5MTS,Consumables,9. CONSUMABLES,46,Consumables,5.000000,1.000000,0.000000,,0.000000,0.000000,0.000000
CUS000000001067,HEX BOLT M24X100LG,Consumables,9. CONSUMABLES,46,Consumables,5.000000,0.000000,0.000000,,0.000000,0.000000,0.000000
CUS000000001062,BEARING UCP212 BMD,Consumables,9. CONSUMABLES,46,Consumables,5.000000,0.000000,0.000000,,0.000000,0.000000,0.000000
CUS000000000446,RO CHEMICAL ANTISCALANT,Consumables,9. CONSUMABLES,46,Consumables,5.000000,0.000000,0.000000,,0.000000,0.000000,0.000000
CUS000000000511,2 POSITION SELECTOR  SWITCH,Consumables,9. CONSUMABLES,46,Consumables,5.000000,0.000000,0.000000,,0.000000,0.000000,0.000000
CUS000000000512,2 POSITION SELECTOR  SWITCH WITH SPRING,Consumables,9. CONSUMABLES,46,Consumables,5.000000,0.000000,0.000000,,0.000000,0.000000,0.000000
CUS000000000521,"BSP CONNECTOR 1/2"" X 3/8""",Consumables,9. CONSUMABLES,46,Consumables,5.000000,0.000000,0.000000,,0.000000,0.000000,0.000000
CUS000000000363,SAFETY SHOE 10,Consumables,9. CONSUMABLES,46,Consumables,5.000000,0.000000,0.000000,,0.000000,0.000000,0.000000
CUS000000000348,BEARING UCP210,Consumables,9. CONSUMABLES,46,Consumables,5.000000,0.000000,0.000000,,0.000000,0.000000,0.000000
CUS000000000266,SAFETY HELMET - YELLOW,Consumables,9. CONSUMABLES,46,Consumables,5.000000,0.000000,10.000000,,0.000000,0.000000,0.000000
CUS000000000672,NUT  M8,Consumables,9. CONSUMABLES,46,Consumables,5.000000,0.000000,0.000000,,0.000000,0.000000,0.000000
CUS000000000710,INTERNAL CIRCLIP  66X2MM T,Consumables,9. CONSUMABLES,46,Consumables,5.000000,0.000000,0.000000,,0.000000,0.000000,0.000000
CUS000000000624,"1/2"" HOSE CLAMP",Consumables,9. CONSUMABLES,46,Consumables,5.000000,0.000000,0.000000,,0.000000,0.000000,0.000000
CUS000000000647,BEARING UCP209 BMD,Consumables,9. CONSUMABLES,46,Consumables,5.000000,0.000000,0.000000,,0.000000,0.000000,0.000000
CUS000000000618,OIL SEAL,Consumables,9. CONSUMABLES,46,Consumables,5.000000,0.000000,0.000000,,0.000000,0.000000,0.000000
CUS000000000837,CLEANING SOLUTION 1 LITER,Consumables,9. CONSUMABLES,46,Consumables,5.000000,0.000000,0.000000,,0.000000,0.000000,0.000000
CUS000000000887,INTERNAL CIRCLIP B90,Consumables,9. CONSUMABLES,46,Consumables,5.000000,0.000000,0.000000,,0.000000,0.000000,0.000000
CUS000000000755,STUD CAUPLING  16MM,Consumables,9. CONSUMABLES,46,Consumables,5.000000,0.000000,0.000000,,0.000000,0.000000,0.000000
CUS000000000730,"""COPPER WASHER  1/2"""" BSP""",Consumables,9. CONSUMABLES,46,Consumables,5.000000,0.000000,0.000000,,0.000000,0.000000,0.000000
CUS000000000729,WIPER SEAL  60X70X6/11,Consumables,9. CONSUMABLES,46,Consumables,4.000000,0.000000,0.000000,,0.000000,0.000000,0.000000
CUS000000000750,"""REDUCER  3/8""""X1/4""""BSP""",Consumables,9. CONSUMABLES,46,Consumables,4.000000,0.000000,0.000000,,0.000000,0.000000,0.000000
CUS000000000751,"""REDUCER  3/4""""X3/8""""""",Consumables,9. CONSUMABLES,46,Consumables,4.000000,0.000000,0.000000,,0.000000,0.000000,0.000000
CUS000000000752,STUD CAUPLING  10MM,Consumables,9. CONSUMABLES,46,Consumables,4.000000,0.000000,0.000000,,0.000000,0.000000,0.000000
CUS000000000757,U SEAL 63X75X10,Consumables,9. CONSUMABLES,46,Consumables,4.000000,0.000000,0.000000,,0.000000,0.000000,0.000000
CUS000000000771,PVC CLAMP  16MM,Consumables,9. CONSUMABLES,46,Consumables,4.000000,0.000000,0.000000,,0.000000,0.000000,0.000000
CUS000000000765,"""MALE STUD COUPLING  1/2""""BSPX16MM""",Consumables,9. CONSUMABLES,46,Consumables,4.000000,0.000000,0.000000,,0.000000,0.000000,0.000000
CUS000000000876,HEX BOLT M24X60L,Consumables,9. CONSUMABLES,46,Consumables,4.000000,0.000000,0.000000,,0.000000,0.000000,0.000000
CUS000000000836,120A RELA BASE,Consumables,9. CONSUMABLES,46,Consumables,4.000000,0.000000,0.000000,,0.000000,0.000000,0.000000
CUS000000000612,SPROCKET SIMPLEX 1''X11 TEETH,Consumables,9. CONSUMABLES,46,Consumables,4.000000,0.000000,0.000000,,0.000000,0.000000,0.000000
CUS000000000593,ADOR WELDING ROD SUPABASE 4.00MM,Consumables,9. CONSUMABLES,46,Consumables,4.000000,0.000000,0.000000,,0.000000,0.000000,0.000000
CUS000000000513,3 POSITION SELECTOR  SWITCH,Consumables,9. CONSUMABLES,46,Consumables,4.000000,0.000000,0.000000,,0.000000,0.000000,0.000000
CUS000000000549,FAN ROUND SHEET,Consumables,9. CONSUMABLES,46,Consumables,4.000000,0.000000,0.000000,,0.000000,0.000000,0.000000
CUS000000000403,SAFETY HELMET - BLUE,Consumables,9. CONSUMABLES,46,Consumables,4.000000,0.000000,4.000000,,0.000000,0.000000,0.000000
CUS000000000415,125 AMPS CURRENT COLLECTOR,Consumables,9. CONSUMABLES,46,Consumables,4.000000,0.000000,0.000000,,0.000000,0.000000,0.000000
CUS000000001037,HEX ALU 300 SQMM E16 HA S-300,Consumables,9. CONSUMABLES,46,Consumables,4.000000,0.000000,0.000000,,0.000000,0.000000,0.000000
CUS000000000964,WIPER SEAL 40X48X5/6.5,Consumables,9. CONSUMABLES,46,Consumables,4.000000,0.000000,0.000000,,0.000000,0.000000,0.000000
CUS000000000965,PISTON SEAL  80X6.4 5X6.3,Consumables,9. CONSUMABLES,46,Consumables,4.000000,0.000000,0.000000,,0.000000,0.000000,0.000000
CUS000000000967,U SEAL 32X40X4,Consumables,9. CONSUMABLES,46,Consumables,4.000000,0.000000,0.000000,,0.000000,0.000000,0.000000
CUS000000000968,O RING 42X2.5,Consumables,9. CONSUMABLES,46,Consumables,4.000000,0.000000,0.000000,,0.000000,0.000000,0.000000
CUS000000000952,TENSION SPRING 150MM X 25.0 OD X 3MM,Consumables,9. CONSUMABLES,46,Consumables,4.000000,0.000000,0.000000,,0.000000,0.000000,0.000000
CUS000000000992,U SEAL 45X53X5/6.5,Consumables,9. CONSUMABLES,46,Consumables,3.000000,0.000000,0.000000,,0.000000,0.000000,0.000000
CUS000000000960,FLY  WHEEL HOOK SPRING 2.8 X20 X4,Consumables,9. CONSUMABLES,46,Consumables,3.000000,0.000000,0.000000,,0.000000,0.000000,0.000000
CUS000000000983,INK BLACK 750ML,Consumables,9. CONSUMABLES,46,Consumables,3.000000,0.000000,0.000000,,0.000000,0.000000,0.000000
CUS000000000984,"MAKE- UP, 750ML",Consumables,9. CONSUMABLES,46,Consumables,3.000000,0.000000,0.000000,,0.000000,0.000000,0.000000
CUS000000000951,OIL SEAL 40X60X10 TMT,Consumables,9. CONSUMABLES,46,Consumables,3.000000,0.000000,0.000000,,0.000000,0.000000,0.000000
CUS000000000924,8 TON RING,Consumables,9. CONSUMABLES,46,Consumables,3.000000,0.000000,0.000000,,0.000000,0.000000,0.000000
CUS000000001056,6V SUNKA BATTERY,Consumables,9. CONSUMABLES,46,Consumables,3.000000,0.000000,0.000000,,0.000000,0.000000,0.000000
CUS000000001041,WHEEL SPANNER 8204,Consumables,9. CONSUMABLES,46,Consumables,3.000000,0.000000,0.000000,,0.000000,0.000000,0.000000
CUS000000000457,"HOSE ADOPTER 1/2""X3/8""",Consumables,9. CONSUMABLES,46,Consumables,3.000000,0.000000,0.000000,,0.000000,0.000000,0.000000
CUS000000000402,SAFETY HELMET - WHITE,Consumables,9. CONSUMABLES,46,Consumables,3.000000,0.000000,4.000000,,0.000000,0.000000,0.000000
CUS000000000514,3 POSITION SELECTOR  SWITCH WITH SPRING,Consumables,9. CONSUMABLES,46,Consumables,3.000000,0.000000,0.000000,,0.000000,0.000000,0.000000
CUS000000000359,SAFETY SHOE 6,Consumables,9. CONSUMABLES,46,Consumables,3.000000,0.000000,0.000000,,0.000000,0.000000,0.000000
CUS000000000379,MEASUREMENT TAPE 15MTS,Consumables,9. CONSUMABLES,46,Consumables,3.000000,1.000000,0.000000,,0.000000,0.000000,0.000000
CUS000000000834,25A SINGLE POLE BEARKER MCB,Consumables,9. CONSUMABLES,46,Consumables,3.000000,0.000000,0.000000,,0.000000,0.000000,0.000000
CUS000000000806,CONTACTOR MNX 12-30A 690V,Consumables,9. CONSUMABLES,46,Consumables,3.000000,0.000000,0.000000,,0.000000,0.000000,0.000000
CUS000000000899,TMT L KEY,Consumables,9. CONSUMABLES,46,Consumables,3.000000,0.000000,0.000000,,0.000000,0.000000,0.000000
CUS000000000764,STUD CAUPLING  25MM WITH WELDING NIPPL,Consumables,9. CONSUMABLES,46,Consumables,3.000000,0.000000,0.000000,,0.000000,0.000000,0.000000
CUS000000000758,"""PU CONNECTOR  1/4""""BSPX12""",Consumables,9. CONSUMABLES,46,Consumables,3.000000,0.000000,0.000000,,0.000000,0.000000,0.000000
CUS000000000801,HRC FUSE LINK400A,Consumables,9. CONSUMABLES,46,Consumables,3.000000,0.000000,0.000000,,0.000000,0.000000,0.000000
CUS000000000753,EQUAL TEE  10MM,Consumables,9. CONSUMABLES,46,Consumables,3.000000,0.000000,0.000000,,0.000000,0.000000,0.000000
CUS000000000742,MALE STUD COUPLING  3/8 BSPX10MM,Consumables,9. CONSUMABLES,46,Consumables,3.000000,0.000000,0.000000,,0.000000,0.000000,0.000000
CUS000000000966,WERING PTFE 5.6 X2.5,Consumables,9. CONSUMABLES,46,Consumables,2.010000,0.000000,0.000000,,0.000000,0.000000,0.000000
CUS000000000961,BEARING 6209ZZ NSK,Consumables,9. CONSUMABLES,46,Consumables,2.000000,0.000000,0.000000,,0.000000,0.000000,0.000000
CUS000000000962,"2"" SIMPLEX CHAIN",Consumables,9. CONSUMABLES,46,Consumables,2.000000,0.000000,0.000000,,0.000000,0.000000,0.000000
CUS000000000979,SEAL 32X42.7X4.2,Consumables,9. CONSUMABLES,46,Consumables,2.000000,0.000000,0.000000,,0.000000,0.000000,0.000000
CUS000000000986,WEARING PTFE 25X2.5,Consumables,9. CONSUMABLES,46,Consumables,2.000000,0.000000,0.000000,,0.000000,0.000000,0.000000
CUS000000000935,RELAY 110 V - EOT CRANE,Consumables,9. CONSUMABLES,46,Consumables,2.000000,0.000000,0.000000,,0.000000,0.000000,0.000000
CUS000000000936,CONTACTOR 110V -EOT CRANE,Consumables,9. CONSUMABLES,46,Consumables,2.000000,0.000000,0.000000,,0.000000,0.000000,0.000000
CUS000000000926,TMT- DSG-03-3C60-A240 YUKEN DC VALUE,Consumables,9. CONSUMABLES,46,Consumables,2.000000,0.000000,0.000000,,0.000000,0.000000,0.000000
CUS000000000915,RUBBER WASHER L190,Consumables,9. CONSUMABLES,46,Consumables,2.000000,0.000000,0.000000,,0.000000,0.000000,0.000000
CUS000000000942,TMT FRONT BUSH,Consumables,9. CONSUMABLES,46,Consumables,2.000000,0.000000,0.000000,,0.000000,0.000000,0.000000
CUS000000000943,TMT BACK BUSH,Consumables,9. CONSUMABLES,46,Consumables,2.000000,0.000000,0.000000,,0.000000,0.000000,0.000000
CUS000000000959,SMPS RSP 200-24 EOT CRANE  15 TON,Consumables,9. CONSUMABLES,46,Consumables,2.000000,0.000000,0.000000,,0.000000,0.000000,0.000000
CUS000000001048,WR PTFE 25X2,Consumables,9. CONSUMABLES,46,Consumables,2.000000,0.000000,0.000000,,0.000000,0.000000,0.000000
CUS000000001033,T10 5280 30MM PU JOINTED,Consumables,9. CONSUMABLES,46,Consumables,2.000000,0.000000,0.000000,,0.000000,0.000000,0.000000
CUS000000001034,TIMING BELT 720--T-10 30MM,Consumables,9. CONSUMABLES,46,Consumables,2.000000,0.000000,0.000000,,0.000000,0.000000,0.000000
CUS000000001036,"HEX GLAND 2.3/4"" 70MM DC",Consumables,9. CONSUMABLES,46,Consumables,2.000000,0.000000,0.000000,,0.000000,0.000000,0.000000
CUS000000001025,"PIPE WRENCH 600MM-24""-8204",Consumables,9. CONSUMABLES,46,Consumables,2.000000,0.000000,0.000000,,0.000000,0.000000,0.000000
CUS000000001063,BEARING UCP213 BMD,Consumables,9. CONSUMABLES,46,Consumables,2.000000,0.000000,0.000000,,0.000000,0.000000,0.000000
CUS000000001043,CUTTING NOZZLE B 1/16,Consumables,9. CONSUMABLES,46,Consumables,2.000000,0.000000,0.000000,,0.000000,0.000000,0.000000
CUS000000001081,SCHNEIDER CONTACTOR LC1D 18 110V,Consumables,9. CONSUMABLES,46,Consumables,2.000000,0.000000,0.000000,,0.000000,0.000000,0.000000
CUS000000001082,ADD ON BLOCK LADN20 SCH,Consumables,9. CONSUMABLES,46,Consumables,2.000000,0.000000,0.000000,,0.000000,0.000000,0.000000
CUS000000001071,HEX BOLT M20 X 100LG,Consumables,9. CONSUMABLES,46,Consumables,2.000000,0.000000,0.000000,,0.000000,0.000000,0.000000
CUS000000001100,ELCOM- 63A 5P PLUG (IP44),Consumables,9. CONSUMABLES,46,Consumables,2.000000,0.000000,0.000000,,0.000000,0.000000,0.000000
CUS000000001101,DX3 63A 4 POLE MCB,Consumables,9. CONSUMABLES,46,Consumables,2.000000,0.000000,0.000000,,0.000000,0.000000,0.000000
CUS000000001102,20A 4 SOCKET / 4 MCB BOX,Consumables,9. CONSUMABLES,46,Consumables,2.000000,0.000000,0.000000,,0.000000,0.000000,0.000000
CUS000000001103,TRANSPORT CHARGES,Consumables,9. CONSUMABLES,46,Consumables,2.000000,0.000000,0.000000,,0.000000,0.000000,0.000000
CUS000000001091,SIMPLEX ROLLER CHAIN-7315 3.05MT 1'',Consumables,9. CONSUMABLES,46,Consumables,2.000000,0.000000,0.000000,,0.000000,0.000000,0.000000
CUS000000001092,SPROCKET-8483 (DOUBLE SIMPLEX TWO STAND) 1''X15FEET MS,Consumables,9. CONSUMABLES,46,Consumables,2.000000,0.000000,0.000000,,0.000000,0.000000,0.000000
CUS000000001093,STEEL STRAP CUTTER 18'',Consumables,9. CONSUMABLES,46,Consumables,2.000000,0.000000,0.000000,,0.000000,0.000000,0.000000
CUS000000001098,ELCOM 63A 5P SOCKET PANEL (IP44),Consumables,9. CONSUMABLES,46,Consumables,2.000000,0.000000,0.000000,,0.000000,0.000000,0.000000
CUS000000000735,"""SUCTION FILTER  SC3-03-1 1/2""""""",Consumables,9. CONSUMABLES,46,Consumables,2.000000,0.000000,0.000000,,0.000000,0.000000,0.000000
CUS000000000721,ORING  9X1.5,Consumables,9. CONSUMABLES,46,Consumables,2.000000,0.000000,0.000000,,0.000000,0.000000,0.000000
CUS000000000724,ORING CORD  2MM,Consumables,9. CONSUMABLES,46,Consumables,2.000000,0.000000,0.000000,,0.000000,0.000000,0.000000
CUS000000000725,ORING CORD  3MM,Consumables,9. CONSUMABLES,46,Consumables,2.000000,0.000000,0.000000,,0.000000,0.000000,0.000000
CUS000000000726,ORING CORD  4MM,Consumables,9. CONSUMABLES,46,Consumables,2.000000,0.000000,0.000000,,0.000000,0.000000,0.000000
CUS000000000727,ORING CORD  5MM,Consumables,9. CONSUMABLES,46,Consumables,2.000000,0.000000,0.000000,,0.000000,0.000000,0.000000
CUS000000000802,CONTACTOR 40A 415V,Consumables,9. CONSUMABLES,46,Consumables,2.000000,0.000000,0.000000,,0.000000,0.000000,0.000000
CUS000000000798,HRC FUSE LINK 80A,Consumables,9. CONSUMABLES,46,Consumables,2.000000,0.000000,0.000000,,0.000000,0.000000,0.000000
CUS000000000766,STUD CAUPLING  30MM,Consumables,9. CONSUMABLES,46,Consumables,2.000000,0.000000,0.000000,,0.000000,0.000000,0.000000
CUS000000000768,EQUAL ELBOLW  25MM,Consumables,9. CONSUMABLES,46,Consumables,2.000000,0.000000,0.000000,,0.000000,0.000000,0.000000
CUS000000000906,SOLENOID COIL SLD 440V,Consumables,9. CONSUMABLES,46,Consumables,2.000000,0.000000,0.000000,,0.000000,0.000000,0.000000
CUS000000000881,SAFETY BELT,Consumables,9. CONSUMABLES,46,Consumables,2.000000,0.000000,0.000000,,0.000000,0.000000,0.000000
CUS000000000860,6A 2POLE BEARKER MCB,Consumables,9. CONSUMABLES,46,Consumables,2.000000,0.000000,0.000000,,0.000000,0.000000,0.000000
CUS000000000861,TENSION SPRING 340MM X 16 DIA X 3MM,Consumables,9. CONSUMABLES,46,Consumables,2.000000,0.000000,0.000000,,0.000000,0.000000,0.000000
CUS000000000804,ABB CONTACTOR 30A 220V,Consumables,9. CONSUMABLES,46,Consumables,2.000000,0.000000,0.000000,,0.000000,0.000000,0.000000
CUS000000000824,BUSBAR RAINWELL,Consumables,9. CONSUMABLES,46,Consumables,2.000000,0.000000,0.000000,,0.000000,0.000000,0.000000
CUS000000000844,SDS DRILL 8-300,Consumables,9. CONSUMABLES,46,Consumables,2.000000,0.000000,0.000000,,0.000000,0.000000,0.000000
CUS000000000360,SAFETY SHOE 7,Consumables,9. CONSUMABLES,46,Consumables,2.000000,0.000000,0.000000,,0.000000,0.000000,0.000000
CUS000000000361,SAFETY SHOE 8,Consumables,9. CONSUMABLES,46,Consumables,2.000000,0.000000,0.000000,,0.000000,0.000000,0.000000
CUS000000000355,TROLLY WHEEL 6'' FIXED,Consumables,9. CONSUMABLES,46,Consumables,2.000000,0.000000,0.000000,,0.000000,0.000000,0.000000
CUS000000000134,CONTACTOR 50A 415V,Consumables,9. CONSUMABLES,46,Consumables,2.000000,0.000000,0.000000,,0.000000,0.000000,0.000000
CUS000000000559,REVERIFICATION OF SHAMCO ELECTRONIC WEIGHBRIDGE 100,Consumables,9. CONSUMABLES,46,Consumables,2.000000,0.000000,0.000000,,0.000000,0.000000,0.000000
CUS000000000525,8MM CONNTECTING LINK,Consumables,9. CONSUMABLES,46,Consumables,2.000000,0.000000,0.000000,,0.000000,0.000000,0.000000
CUS000000000422,12MM ROPE 5MTR WITH END EYE GRIPPING,Consumables,9. CONSUMABLES,46,Consumables,2.000000,0.000000,0.000000,,0.000000,0.000000,0.000000
CUS000000000629,SPARE KIT FOR MNX-70,Consumables,9. CONSUMABLES,46,Consumables,2.000000,0.000000,0.000000,,0.000000,0.000000,0.000000
CUS000000000630,SPARE COIL 110V,Consumables,9. CONSUMABLES,46,Consumables,2.000000,0.000000,0.000000,,0.000000,0.000000,0.000000
CUS000000000632,THREADLOCKER,Consumables,9. CONSUMABLES,46,Consumables,2.000000,0.000000,0.000000,,0.000000,0.000000,0.000000
CUS000000000674,HEX BOLT  M20X80L,Consumables,9. CONSUMABLES,46,Consumables,2.000000,0.000000,0.000000,,0.000000,0.000000,0.000000
CUS000000000669,PLAIN WASHER  M6,Consumables,9. CONSUMABLES,46,Consumables,2.000000,0.000000,0.000000,,0.000000,0.000000,0.000000
CUS000000000681,ALLEN BOLT  M24X80L,Consumables,9. CONSUMABLES,46,Consumables,2.000000,0.000000,0.000000,,0.000000,0.000000,0.000000
CUS000000000691,NUT  M20,Consumables,9. CONSUMABLES,46,Consumables,1.000000,0.000000,0.000000,,0.000000,0.000000,0.000000
CUS000000000668,NUT  M6,Consumables,9. CONSUMABLES,46,Consumables,1.000000,0.000000,0.000000,,0.000000,0.000000,0.000000
CUS000000000631,CONTACTOR LC1D09,Consumables,9. CONSUMABLES,46,Consumables,1.000000,0.000000,0.000000,,0.000000,0.000000,0.000000
CUS000000000579,CONTACTOR MNX70,Consumables,9. CONSUMABLES,46,Consumables,1.000000,0.000000,0.000000,,0.000000,0.000000,0.000000
CUS000000000583,PLAINWASHER M20,Consumables,9. CONSUMABLES,46,Consumables,1.000000,0.000000,0.000000,,0.000000,0.000000,0.000000
CUS000000000586,"GLOVES 14"" BLUE YELLOW WITH LINING",Consumables,9. CONSUMABLES,46,Consumables,1.000000,0.000000,0.000000,,0.000000,0.000000,0.000000
CUS000000000590,WELDING ROD 6013-2.50MM,Consumables,9. CONSUMABLES,46,Consumables,1.000000,0.000000,0.000000,,0.000000,0.000000,0.000000
CUS000000000591,WELDING ROD 6013 3.15MM,Consumables,9. CONSUMABLES,46,Consumables,1.000000,0.000000,0.000000,,0.000000,0.000000,0.000000
CUS000000000458,"HOSE ADOPTER 3/8""X3/8""",Consumables,9. CONSUMABLES,46,Consumables,1.000000,0.000000,0.000000,,0.000000,0.000000,0.000000
CUS000000000459,EWF-22 ENDO MAKE SPRING BALANCER,Consumables,9. CONSUMABLES,46,Consumables,1.000000,0.000000,0.000000,,0.000000,0.000000,0.000000
CUS000000000526,11 TON RING,Consumables,9. CONSUMABLES,46,Consumables,1.000000,0.000000,0.000000,,0.000000,0.000000,0.000000
CUS000000000536,ECODRIVE C66,Consumables,9. CONSUMABLES,46,Consumables,1.000000,0.000000,0.000000,,0.000000,0.000000,0.000000
CUS000000000502,TMT ROLLER 200MM,Consumables,9. CONSUMABLES,46,Consumables,1.000000,0.000000,0.000000,,0.000000,0.000000,0.000000
CUS000000000001,BEARING 683/672,Consumables,9. CONSUMABLES,46,Consumables,1.000000,0.000000,0.000000,,0.000000,0.000000,0.000000
CUS000000000344,BEARING 6308-2Z,Consumables,9. CONSUMABLES,46,Consumables,1.000000,0.000000,0.000000,,0.000000,0.000000,0.000000
CUS000000000391,BEARING 580/572,Consumables,9. CONSUMABLES,46,Consumables,1.000000,0.000000,0.000000,,0.000000,0.000000,0.000000
CUS000000000440,SPARE COIL SLDM BCH 415V,Consumables,9. CONSUMABLES,46,Consumables,1.000000,0.000000,0.000000,,0.000000,0.000000,0.000000
CUS000000000832,6A SINGLE POLE BEARKER MCB,Consumables,9. CONSUMABLES,46,Consumables,1.000000,0.000000,0.000000,,0.000000,0.000000,0.000000
CUS000000000805,ABB CONTACTOR 32A 220V,Consumables,9. CONSUMABLES,46,Consumables,1.000000,0.000000,0.000000,,0.000000,0.000000,0.000000
CUS000000000807,SCHNEIDER MOTOR 6-10A,Consumables,9. CONSUMABLES,46,Consumables,1.000000,0.000000,0.000000,,0.000000,0.000000,0.000000
CUS000000000808,SCHNEIDER MOTOR 24-32A,Consumables,9. CONSUMABLES,46,Consumables,1.000000,0.000000,0.000000,,0.000000,0.000000,0.000000
CUS000000000809,SCHNEIDER CONTACTOR 25A 1400V,Consumables,9. CONSUMABLES,46,Consumables,1.000000,0.000000,0.000000,,0.000000,0.000000,0.000000
CUS000000000810,CONTACTOR 24V DC 14KW 5HP 480V,Consumables,9. CONSUMABLES,46,Consumables,1.000000,0.000000,0.000000,,0.000000,0.000000,0.000000
CUS000000000811,LNT MOTOR 83A 690V,Consumables,9. CONSUMABLES,46,Consumables,1.000000,0.000000,0.000000,,0.000000,0.000000,0.000000
CUS000000000812,TRANSFORMER 250V,Consumables,9. CONSUMABLES,46,Consumables,1.000000,0.000000,0.000000,,0.000000,0.000000,0.000000
CUS000000000821,CR LIMIT SWITCH,Consumables,9. CONSUMABLES,46,Consumables,1.000000,0.000000,0.000000,,0.000000,0.000000,0.000000
CUS000000000822,SIEMENS CONTACTOR 115-575V,Consumables,9. CONSUMABLES,46,Consumables,1.000000,0.000000,0.000000,,0.000000,0.000000,0.000000
CUS000000000862,REVERSE FORWARD SWITCH  32A,Consumables,9. CONSUMABLES,46,Consumables,1.000000,0.000000,0.000000,,0.000000,0.000000,0.000000
CUS000000000875,HEX BOLT M24X80L,Consumables,9. CONSUMABLES,46,Consumables,1.000000,0.000000,0.000000,,0.000000,0.000000,0.000000
CUS000000000871,M20 WASHER,Consumables,9. CONSUMABLES,46,Consumables,1.000000,0.000000,0.000000,,0.000000,0.000000,0.000000
CUS000000000883,BEARING NU308EWC3 NSK,Consumables,9. CONSUMABLES,46,Consumables,1.000000,0.000000,0.000000,,0.000000,0.000000,0.000000
CUS000000000907,MAGNETIC COIL,Consumables,9. CONSUMABLES,46,Consumables,1.000000,0.000000,0.000000,,0.000000,0.000000,0.000000
CUS000000000901,"1 1/2""  SIMPLEX CHAIN",Consumables,9. CONSUMABLES,46,Consumables,1.000000,0.000000,0.000000,,0.000000,0.000000,0.000000
CUS000000000767,EQUAL ELBOLW  30MM,Consumables,9. CONSUMABLES,46,Consumables,1.000000,0.000000,0.000000,,0.000000,0.000000,0.000000
CUS000000000761,OVAL RING 5 TON,Consumables,9. CONSUMABLES,46,Consumables,1.000000,0.000000,0.000000,,0.000000,0.000000,0.000000
CUS000000000803,BUSBAR CONNECTING LINK,Consumables,9. CONSUMABLES,46,Consumables,1.000000,0.000000,0.000000,,0.000000,0.000000,0.000000
CUS000000000736,"""SUCTION FILTER  SC3-050 1 1/2""""""",Consumables,9. CONSUMABLES,46,Consumables,1.000000,0.000000,0.000000,,0.000000,0.000000,0.000000
CUS000000000737,RETURN OIL FILTER ELEMENT  TIE10-025,Consumables,9. CONSUMABLES,46,Consumables,1.000000,0.000000,0.000000,,0.000000,0.000000,0.000000
CUS000000001112,FEELER GUAGE INSIZE 6'',Consumables,9. CONSUMABLES,46,Consumables,1.000000,0.000000,0.000000,,0.000000,0.000000,0.000000
CUS000000001072,TRANSFORMER 100VA,Consumables,9. CONSUMABLES,46,Consumables,1.000000,0.000000,0.000000,,0.000000,0.000000,0.000000
CUS000000001055,BALL SCREW FSI 3210 NUT,Consumables,9. CONSUMABLES,46,Consumables,1.000000,0.000000,0.000000,,0.000000,0.000000,0.000000
CUS000000001059,DIAL GAUGE,Consumables,9. CONSUMABLES,46,Consumables,1.000000,0.000000,0.000000,,0.000000,0.000000,0.000000
CUS000000001060,MAGNETIC DIAL STAND,Consumables,9. CONSUMABLES,46,Consumables,1.000000,0.000000,0.000000,,0.000000,0.000000,0.000000
CUS000000001061,DEGREE PROTECTOR,Consumables,9. CONSUMABLES,46,Consumables,1.000000,0.000000,0.000000,,0.000000,0.000000,0.000000
CUS000000001064,BEARING 22210CCW33 BMD,Consumables,9. CONSUMABLES,46,Consumables,1.000000,0.000000,0.000000,,0.000000,0.000000,0.000000
CUS000000001065,BEARING 51304 NTN,Consumables,9. CONSUMABLES,46,Consumables,1.000000,0.000000,0.000000,,0.000000,0.000000,0.000000
CUS000000001057,9V ADAPTER,Consumables,9. CONSUMABLES,46,Consumables,1.000000,0.000000,0.000000,,0.000000,0.000000,0.000000
CUS000000001019,SINGLE OPEN END SPANNER 46MM -8204,Consumables,9. CONSUMABLES,46,Consumables,1.000000,0.000000,0.000000,,0.000000,0.000000,0.000000
CUS000000001020,"PIPE WRENCH 450MM -18""-8204",Consumables,9. CONSUMABLES,46,Consumables,1.000000,0.000000,0.000000,,0.000000,0.000000,0.000000
CUS000000001022,SLEDGE HAMMER 4 LB,Consumables,9. CONSUMABLES,46,Consumables,1.000000,0.000000,0.000000,,0.000000,0.000000,0.000000
CUS000000001007,17 TON RING,Consumables,9. CONSUMABLES,46,Consumables,1.000000,0.000000,0.000000,,0.000000,0.000000,0.000000
CUS000000001010,"PATTI CUTTER 18""",Consumables,9. CONSUMABLES,46,Consumables,1.000000,0.000000,0.000000,,0.000000,0.000000,0.000000
CUS000000001011,CIRCULAR PUNCH -35.80,Consumables,9. CONSUMABLES,46,Consumables,1.000000,0.000000,0.000000,,0.000000,0.000000,0.000000
CUS000000001012,DIE-37.80,Consumables,9. CONSUMABLES,46,Consumables,1.000000,0.000000,0.000000,,0.000000,0.000000,0.000000
CUS000000001049,PNEUMATIC CYLINDER 80 DIA X 400 STROKE,Consumables,9. CONSUMABLES,46,Consumables,1.000000,0.000000,0.000000,,0.000000,0.000000,0.000000
CUS000000001042,TOMMY BAR 8204,Consumables,9. CONSUMABLES,46,Consumables,1.000000,0.000000,0.000000,,0.000000,0.000000,0.000000
CUS000000000954,"DRILL BIT 4, 5MM",Consumables,9. CONSUMABLES,46,Consumables,1.000000,0.000000,0.000000,,0.000000,0.000000,0.000000
CUS000000000919,8MM CHAIN 7 MTR,Consumables,9. CONSUMABLES,46,Consumables,1.000000,0.000000,0.000000,,0.000000,0.000000,0.000000
CUS000000000927,TMT- DOWTY GEAR PUMP MODEL-3090,Consumables,9. CONSUMABLES,46,Consumables,1.000000,0.000000,0.000000,,0.000000,0.000000,0.000000
CUS000000000928,CRIMIPING TOOL,Consumables,9. CONSUMABLES,46,Consumables,1.000000,0.000000,0.000000,,0.000000,0.000000,0.000000
CUS000000000929,BRAKE LINING 12X140MM,Consumables,9. CONSUMABLES,46,Consumables,1.000000,0.000000,0.000000,,0.000000,0.000000,0.000000
CUS000000000937,RECTIFIER 440/190V - EOT CRANE,Consumables,9. CONSUMABLES,46,Consumables,1.000000,0.000000,0.000000,,0.000000,0.000000,0.000000
CUS000000000996,INK BOTTLE 1000ML,Consumables,9. CONSUMABLES,46,Consumables,1.000000,0.000000,0.000000,,0.000000,0.000000,0.000000
CUS000000000997,CIRCULAR PUNCH-11.8,Consumables,9. CONSUMABLES,46,Consumables,1.000000,0.000000,0.000000,,0.000000,0.000000,0.000000
CUS000000000998,CIRCULAR PUNCH -19.8,Consumables,9. CONSUMABLES,46,Consumables,1.000000,0.000000,0.000000,,0.000000,0.000000,0.000000
CUS000000000999,CIRCULAR PUNCH-25.8,Consumables,9. CONSUMABLES,46,Consumables,1.000000,0.000000,0.000000,,0.000000,0.000000,0.000000
CUS000000001000,CIRCULAR PUNCH-31.8,Consumables,9. CONSUMABLES,46,Consumables,1.000000,0.000000,0.000000,,0.000000,0.000000,0.000000
CUS000000001001,CIRCULAR PUNCH-21.8,Consumables,9. CONSUMABLES,46,Consumables,1.000000,0.000000,0.000000,,0.000000,0.000000,0.000000
CUS000000001002,CIRCULAR PUNCH-13.8,Consumables,9. CONSUMABLES,46,Consumables,1.000000,0.000000,0.000000,,0.000000,0.000000,0.000000
CUS000000001003,CIRCULAR PUNCH-17.8,Consumables,9. CONSUMABLES,46,Consumables,1.000000,0.000000,0.000000,,0.000000,0.000000,0.000000
CUS000000001004,CIRCULAR PUNCH-29.5,Consumables,9. CONSUMABLES,46,Consumables,1.000000,0.000000,0.000000,,0.000000,0.000000,0.000000
CUS000000000970,SENSOR 18MM AC-ON -TMT,Consumables,9. CONSUMABLES,46,Consumables,1.000000,0.000000,0.000000,,0.000000,0.000000,0.000000
OTH000000000085,MS FLATS 40X10MM,OTHERS,8. OTHERS,46,Consumables,0.643000,0.000000,0.000000,IS2062,0.000000,0.000000,0.000000
CUS000000001015,MS PIPE 100X50X1.6MM,Consumables,9. CONSUMABLES,46,Consumables,0.233000,0.000000,0.000000,,0.000000,0.000000,0.000000
CUS000000001016,MS PIPE 80X40X1.6MM,Consumables,9. CONSUMABLES,46,Consumables,0.077000,0.000000,0.000000,,0.000000,0.000000,0.000000
CUS000000001017,MS PIPE 50X25X1.6MM,Consumables,9. CONSUMABLES,46,Consumables,0.025000,0.000000,0.000000,,0.000000,0.000000,0.000000
CUS000000001018,MS PIPE 25X25X1.6MM,Consumables,9. CONSUMABLES,46,Consumables,0.025000,0.000000,0.000000,,0.000000,0.000000,0.000000
OTH000000000185,MS DEFFECTIVE,OTHERS,8. OTHERS,50,Ready to Steel,1.000000,0.000000,0.000000,IS2062,1.000000,1.000000,0.000000
RDU000000000018,HR PRIME BLANKS/FLATS 16X303X4000XE250,HR Coil,1. SAIL HR,50,Ready to Steel,0.530000,0.000000,0.000000,E250,16.000000,303.000000,4000.000000
RDU000000000050,HR PRIME BLANKS/FLATS 10X250X6300XE250,HR Coil,1. SAIL HR,50,Ready to Steel,0.300000,0.000000,0.000000,E250,10.000000,250.000000,6300.000000
RDU000000000001,HR PRIME BLANKS/FLATS 08X200X200XE250,HR Coil,1. SAIL HR,50,Ready to Steel,0.200000,0.000000,0.000000,E250,8.000000,200.000000,200.000000
RDU000000000093,HR PRIME BLANKS/FLATS 12X250X250XE250,HR Coil,1. SAIL HR,50,Ready to Steel,0.108000,0.000000,0.000000,E250,12.000000,250.000000,250.000000
RDU000000000124,HR PRIME BLANKS/FLATS,HR Coil,1. SAIL HR,50,Ready to Steel,0.104000,11.325000,0.000000,E250,,,
RDU000000000091,HR PRIME BLANKS/FLATS 10X200X5000XE250,HR Coil,1. SAIL HR,50,Ready to Steel,0.100000,0.000000,0.000000,E250,10.000000,200.000000,5000.000000
RDU000000000092,HR PRIME BLANKS/FLATS 12X250X5000XE250,HR Coil,1. SAIL HR,50,Ready to Steel,0.100000,0.000000,0.000000,E250,12.000000,250.000000,5000.000000
RDU000000000068,HR PRIME BLANKS/FLATS 16X300X200XE250,HR Coil,1. SAIL HR,50,Ready to Steel,0.090000,0.000000,0.000000,E250,16.000000,300.000000,200.000000
RDU000000000052,HR PRIME BLANKS/FLATS 10X250X3150XE250,HR Coil,1. SAIL HR,50,Ready to Steel,0.080000,0.000000,0.000000,E250,10.000000,250.000000,3150.000000
RDU000000000020,HR PRIME BLANKS/FLATS 12X200X1000XE250,HR Coil,1. SAIL HR,50,Ready to Steel,0.080000,0.000000,0.000000,E250,12.000000,200.000000,1000.000000
RDU000000000074,HR PRIME BLANKS/FLATS 16X150X150XE250,HR Coil,1. SAIL HR,50,Ready to Steel,0.070000,0.000000,0.000000,E250,16.000000,150.000000,150.000000
RDU000000000004,HR PRIME BLANKS/FLATS 12X350X350XE250,HR Coil,1. SAIL HR,50,Ready to Steel,0.070000,0.000000,0.000000,E250,12.000000,350.000000,350.000000
RDU000000000005,HR PRIME BLANKS/FLATS 10X150X150XE250,HR Coil,1. SAIL HR,50,Ready to Steel,0.070000,0.000000,0.000000,E250,10.000000,150.000000,150.000000
RDU000000000003,HR PRIME BLANKS/FLATS 16X600X450XE250,HR Coil,1. SAIL HR,50,Ready to Steel,0.050000,0.000000,0.000000,E250,16.000000,600.000000,450.000000
RDU000000000017,HR PRIME BLANKS/FLATS 16X300X4000XE250,HR Coil,1. SAIL HR,50,Ready to Steel,0.050000,0.000000,0.000000,E250,16.000000,300.000000,4000.000000
RDU000000000088,HR PRIME BLANKS/FLATS 06X100X6000XE250,HR Coil,1. SAIL HR,50,Ready to Steel,0.050000,0.000000,0.000000,E250,6.000000,100.000000,6000.000000
RDU000000000019,HR PRIME BLANKS/FLATS 16X142X303XE250,HR Coil,1. SAIL HR,50,Ready to Steel,0.040000,0.000000,0.000000,E250,16.000000,142.000000,303.000000
RDU000000000008,HR PRIME BLANKS/FLATS 16X300X300XE250,HR Coil,1. SAIL HR,50,Ready to Steel,0.040000,0.000000,0.000000,E250,16.000000,300.000000,300.000000
RDU000000000009,HR PRIME BLANKS/FLATS 16X375X230XE250,HR Coil,1. SAIL HR,50,Ready to Steel,0.040000,0.000000,0.000000,E250,16.000000,375.000000,230.000000
RDU000000000096,HR PRIME BLANKS/FLATS 16X300X500XE250,HR Coil,1. SAIL HR,50,Ready to Steel,0.035000,0.000000,0.000000,E250,16.000000,300.000000,500.000000
RDU000000000097,HR PRIME BLANKS/FLATS 14X250X450XE250,HR Coil,1. SAIL HR,50,Ready to Steel,0.035000,0.000000,0.000000,E250,14.000000,250.000000,450.000000
RDU000000000112,HR PRIME BLANKS/FLATS 03X50X4000XE250,HR Coil,1. SAIL HR,50,Ready to Steel,0.035000,0.021000,0.000000,E250,3.000000,50.000000,4000.000000
RDU000000000110,HR PRIME BLANKS/FLATS 12X200X250XE250,HR Coil,1. SAIL HR,50,Ready to Steel,0.025000,0.000000,0.000000,E250,12.000000,200.000000,250.000000
RDU000000000067,HR PRIME BLANKS/FLATS 16X350X350XE250,HR Coil,1. SAIL HR,50,Ready to Steel,0.020000,0.000000,0.000000,E250,16.000000,350.000000,350.000000
RDU000000000010,HR PRIME BLANKS/FLATS 10X300X300XE250,HR Coil,1. SAIL HR,50,Ready to Steel,0.020000,0.000000,0.000000,E250,10.000000,300.000000,300.000000
RDU000000000006,HR PRIME BLANKS/FLATS 16X820X820XE250,HR Coil,1. SAIL HR,50,Ready to Steel,0.020000,0.005000,0.000000,E250,16.000000,820.000000,820.000000
RDU000000000095,HR PRIME BLANKS/FLATS 08X350X350XE250,HR Coil,1. SAIL HR,50,Ready to Steel,0.015000,0.000000,0.000000,E250,8.000000,350.000000,350.000000
RDU000000000012,HR PRIME BLANKS/FLATS 08X300X300XE250,HR Coil,1. SAIL HR,50,Ready to Steel,0.010000,0.000000,0.000000,E250,8.000000,300.000000,300.000000
RDU000000000113,HR PRIME BLANKS/FLATS 03X64X4000XE250,HR Coil,1. SAIL HR,50,Ready to Steel,0.005000,0.002000,0.000000,E250,3.000000,64.000000,4000.000000
RDU000000000026,HR PRIME BLANKS/FLATS 12X300X200XE250,HR Coil,1. SAIL HR,50,Ready to Steel,0.005000,0.000000,0.000000,E250,12.000000,300.000000,200.000000
JW000000000074,AMNS HR COIL 16X1190 WIR006,HR Coil,1. SAIL HR,51,Pending Warehouse,61.155000,0.000000,0.000000,WIR006,16.000000,1190.000000,
JW000000000086,AMNS HR COIL 12.4X1250  WIR006,HR Coil,1. SAIL HR,51,Pending Warehouse,45.710000,0.000000,0.000000,WIR006,12.400000,1250.000000,
JW000000000023,AMNS HR COIL 11.2X1250  WIR006,HR Coil,1. SAIL HR,51,Pending Warehouse,45.065000,0.000000,0.000000,WIR006,11.200000,1250.000000,
JW000000000097,AMNS HR COIL 18X1260  WIR006,HR Coil,1. SAIL HR,51,Pending Warehouse,45.050000,0.000000,0.000000,WIR006,18.000000,1260.000000,
JW000000000076,AMNS HR COIL 12.1X1190 WIR006,HR Coil,1. SAIL HR,51,Pending Warehouse,40.645000,0.000000,0.000000,WIR006,12.100000,1190.000000,
HR000000001016,AMNS HR COIL 15.6X1270MM WIR006,OTHERS,8. OTHERS,51,Pending Warehouse,22.575000,0.000000,0.000000,WIR006,15.600000,1270.000000,0.000000
HR000000000083,SAIL HR COIL 10MMX1500/E350BR,SAIL HR COIL,1. SAIL HR,52,Chennai - Subcontract Warehouse,63.580000,0.000000,0.000000,E350,10.000000,1500.000000,
HR000000000985,SAIL HR COIL 4.8MMX1500,SAIL HR COIL,1. SAIL HR,52,Chennai - Subcontract Warehouse,21.670000,0.000000,0.000000,IS2062 E250BR,4.800000,1500.000000,
NMDC000000000067,HR SLIT COIL 3MMX40,SAIL H.R.PLATE,1. SAIL HR,52,Chennai - Subcontract Warehouse,0.600000,0.000000,0.000000,E250,3.000000,40.000000,
